Marital_status,Application_mode,Application_order,Course,Daytime_evening_attendance,Previous_qualification_grade,Admission_grade,Displaced,Debtor,Tuition_fees_up_to_date,Gender,Scholarship_holder,Age_at_enrollment,International,Curricular_units_1st_sem_enrolled,Curricular_units_1st_sem_approved,Curricular_units_1st_sem_grade,Curricular_units_2nd_sem_enrolled,Curricular_units_2nd_sem_approved,Curricular_units_2nd_sem_grade,student_id
1,18,1,9238,1,137.0,137.4,1,0,1,0,0,18,0,6,1,12.0,6,2,11.0,JJI-00017
1,1,1,9853,1,140.0,124.6,1,0,1,0,0,18,0,7,6,11.666666666666666,7,6,13.5,JJI-00020
1,18,4,9556,1,127.0,121.8,1,0,1,0,0,20,0,7,7,11.4375,8,8,11.425,JJI-00022
1,1,1,9238,1,151.0,157.0,1,1,1,0,1,18,0,6,5,11.6,6,4,11.0,JJI-00026
1,1,1,9085,1,138.0,131.0,1,0,1,0,0,18,0,5,5,12.666666666666666,5,4,13.0,JJI-00028
1,17,2,9500,1,127.0,118.8,1,0,1,1,0,19,0,7,6,12.933333333333332,7,6,13.716666666666669,JJI-00030
1,44,1,9003,1,150.0,150.0,0,0,1,1,0,21,0,6,5,11.857142857142858,6,5,10.571428571428571,JJI-00031
1,1,1,9147,1,143.0,138.8,0,0,0,1,0,18,0,5,3,11.333333333333334,5,2,13.5,JJI-00033
1,17,1,9991,0,154.0,134.1,0,0,1,0,0,24,0,5,2,11.5,5,3,14.333333333333334,JJI-00046
1,1,1,9500,1,139.0,121.3,1,0,1,0,1,19,0,8,6,11.833333333333334,8,6,11.833333333333334,JJI-00052
1,1,1,9773,1,127.0,121.8,1,0,1,0,1,20,0,6,4,14.0,6,3,11.0,JJI-00053
1,1,3,171,1,125.0,115.2,1,0,1,0,0,18,0,0,0,0.0,0,0,0.0,JJI-00060
1,17,3,171,1,133.0,126.0,1,0,1,1,1,19,0,0,0,0.0,0,0,0.0,JJI-00063
1,17,1,9070,1,127.0,130.2,1,0,1,1,0,19,0,6,5,11.4,6,1,10.0,JJI-00064
1,43,1,9070,1,116.0,120.9,0,0,1,1,0,24,0,6,0,0.0,6,0,0.0,JJI-00065
1,39,1,9254,1,160.0,100.0,0,0,1,1,0,26,0,6,6,12.0,6,5,10.8,JJI-00070
1,17,1,9147,1,148.0,134.0,0,0,1,1,0,18,0,5,0,0.0,5,0,0.0,JJI-00071
1,17,1,9254,1,120.0,125.5,0,0,1,1,0,18,0,5,5,12.0,5,3,11.333333333333334,JJI-00084
1,1,6,9147,1,143.0,128.7,1,0,1,1,0,23,0,5,4,14.0,5,5,13.8,JJI-00089
1,43,2,9119,1,115.0,112.2,1,1,1,1,0,18,0,5,2,10.0,5,0,0.0,JJI-00090
1,15,1,9119,1,130.0,137.0,1,0,1,1,0,19,1,5,5,14.0,5,3,13.25,JJI-00096
1,1,1,9085,1,135.0,134.3,1,0,1,0,0,19,0,5,5,14.2,5,5,13.8,JJI-00099
1,17,2,9853,1,133.1,107.0,1,0,1,0,0,20,0,7,6,11.666666666666666,7,3,13.0,JJI-00110
1,17,2,9147,1,123.0,115.3,1,0,1,0,1,18,0,5,3,13.0,5,3,11.0,JJI-00112
1,43,1,9500,1,130.0,100.0,0,0,1,0,0,20,0,7,6,11.616666666666667,7,7,13.0,JJI-00116
1,17,1,9238,1,154.0,140.4,1,0,1,0,1,20,0,6,2,10.0,6,4,10.75,JJI-00117
1,17,1,9147,1,120.0,113.4,0,0,1,0,0,20,0,5,3,10.333333333333334,5,3,10.666666666666666,JJI-00118
1,1,1,9853,1,146.0,145.3,1,0,1,0,1,18,0,6,5,12.8,6,5,13.4,JJI-00128
1,1,2,9500,1,117.0,112.1,0,0,1,0,1,20,0,7,5,13.188,8,7,12.892857142857142,JJI-00139
1,51,1,9147,1,99.0,99.7,1,1,0,0,0,22,0,5,0,0.0,5,0,0.0,JJI-00143
1,1,1,171,1,136.0,121.7,1,0,1,0,0,18,0,0,0,0.0,0,0,0.0,JJI-00151
1,17,1,9853,1,138.0,124.7,1,0,1,0,0,18,0,6,3,12.333333333333334,6,5,10.833333333333334,JJI-00153
3,39,1,9003,1,170.0,170.0,0,1,1,0,0,47,0,1,0,0.0,6,0,0.0,JJI-00167
1,39,1,9085,1,130.0,130.0,1,0,1,0,0,28,0,5,4,11.25,5,4,10.5,JJI-00171
1,1,1,9670,1,131.0,123.0,1,0,1,0,1,18,0,5,3,11.666666666666666,5,4,13.5,JJI-00176
1,44,1,9991,0,140.0,140.0,0,0,1,0,1,26,0,6,6,12.666666666666666,6,6,13.166666666666666,JJI-00182
1,43,1,9238,1,143.0,126.6,0,1,0,0,0,21,0,10,8,11.5,6,4,10.0,JJI-00187
1,1,1,8014,0,120.0,122.8,0,0,1,0,0,23,0,6,2,10.0,5,1,10.0,JJI-00192
1,39,1,9500,1,120.0,105.9,0,0,1,0,0,35,0,3,3,11.816666666666668,3,3,11.333333333333334,JJI-00200
1,39,1,9556,1,130.0,145.0,0,0,1,0,0,25,0,7,6,12.125,8,8,13.3125,JJI-00216
1,1,3,9500,1,125.0,119.4,1,0,1,0,0,19,0,7,6,12.471428571428572,7,7,11.4625,JJI-00241
1,16,1,171,1,145.0,155.0,1,0,1,0,0,24,0,17,11,12.909090909090908,13,9,13.555555555555555,JJI-00242
1,1,3,9070,1,125.0,125.4,1,0,1,0,0,19,0,6,5,12.4,6,5,12.4,JJI-00251
1,1,1,9773,1,127.0,123.2,1,0,1,0,0,18,0,6,1,11.0,6,0,0.0,JJI-00254
1,17,3,9070,1,116.0,110.8,0,0,1,0,0,18,0,6,6,11.833333333333334,6,6,12.5,JJI-00258
1,1,1,9500,1,143.0,142.3,0,0,1,0,1,18,0,7,7,13.79714285714286,8,8,13.775,JJI-00279
1,17,1,9070,1,123.0,113.9,0,0,1,0,0,18,0,6,6,12.5,6,6,12.333333333333334,JJI-00287
1,44,1,9003,1,140.0,140.0,0,0,1,0,0,24,0,6,6,11.428571428571429,6,5,13.0,JJI-00293
1,1,1,9670,1,119.0,115.5,1,0,1,0,0,19,0,6,4,11.0,6,4,11.0,JJI-00306
1,17,1,9500,1,160.0,147.8,0,0,1,0,0,20,0,7,6,11.757142857142856,8,6,13.083333333333334,JJI-00320
1,5,3,9085,1,141.0,128.8,1,0,1,0,0,19,0,5,3,10.333333333333334,5,3,13.0,JJI-00325
1,1,1,9853,1,132.0,125.0,1,0,1,0,0,18,0,6,5,12.6,6,5,11.4,JJI-00329
1,1,1,9085,1,135.0,136.8,1,0,1,0,0,18,0,5,5,14.0,5,5,11.6,JJI-00330
1,1,1,9853,1,123.0,121.6,1,0,1,0,0,18,0,7,5,12.0,7,6,12.666666666666666,JJI-00331
1,1,1,9085,1,129.0,125.9,1,0,1,0,0,19,0,5,4,12.0,5,3,12.0,JJI-00341
1,42,1,9147,1,130.0,130.0,1,0,1,0,0,26,0,5,4,13.0,5,2,12.0,JJI-00345
1,43,1,9238,1,110.0,110.0,0,0,1,0,0,36,0,16,13,10.692307692307692,13,9,12.307692307692308,JJI-00347
1,1,2,8014,0,96.0,100.0,0,0,1,0,0,20,0,6,5,12.0,6,4,11.25,JJI-00350
1,39,1,9003,1,133.1,130.0,0,1,1,0,1,30,0,6,0,0.0,6,0,0.0,JJI-00359
1,17,4,9147,1,112.0,112.0,1,0,1,0,0,20,0,5,3,10.333333333333334,5,4,11.0,JJI-00363
1,1,4,9500,1,136.0,133.0,1,0,1,0,0,19,0,7,5,13.98,7,5,13.98,JJI-00365
1,17,1,9085,1,134.0,131.2,0,0,1,0,0,19,0,5,1,11.0,5,5,11.2,JJI-00368
4,39,1,9991,0,130.0,148.0,0,0,1,0,1,31,0,5,4,11.25,5,4,10.833333333333334,JJI-00372
2,51,1,8014,0,133.1,104.0,0,1,1,0,0,42,0,11,10,11.9,11,10,12.8,JJI-00376
1,17,1,9853,1,125.0,116.6,1,0,0,0,1,18,0,7,7,12.285714285714286,7,6,13.333333333333334,JJI-00379
1,44,1,9085,1,140.0,140.0,1,0,1,0,0,21,0,6,5,12.666666666666666,6,2,13.5,JJI-00380
1,43,1,9500,1,170.0,100.0,0,0,1,0,0,20,0,7,6,13.25,8,8,13.75,JJI-00382
1,1,1,9238,1,135.0,121.0,0,0,1,0,0,19,0,6,3,10.333333333333334,6,3,10.333333333333334,JJI-00383
1,17,1,9853,1,134.0,122.5,1,0,1,0,0,22,0,6,5,13.166666666666666,6,5,12.4,JJI-00389
1,44,1,9085,1,140.0,140.0,1,0,1,0,0,21,0,6,4,12.75,6,1,11.0,JJI-00391
1,39,1,9500,1,150.0,140.0,0,0,1,0,0,26,0,7,5,11.2,8,5,12.14,JJI-00392
1,17,4,9070,1,125.0,128.9,0,0,1,0,1,18,0,6,5,11.6,6,4,11.2,JJI-00401
1,17,1,9254,1,136.0,121.7,1,0,1,0,0,20,0,6,3,10.333333333333334,6,3,10.333333333333334,JJI-00402
1,1,1,9773,1,120.0,114.8,1,0,1,0,0,19,0,6,4,12.25,6,3,11.0,JJI-00403
1,1,1,9254,1,128.0,127.0,0,0,1,0,0,19,0,6,6,12.0,6,4,12.75,JJI-00404
1,17,1,9147,1,116.0,112.2,1,0,1,0,0,20,0,5,3,11.333333333333334,5,2,10.666666666666666,JJI-00428
1,17,1,9254,1,122.0,118.2,0,0,1,0,1,20,0,6,4,11.25,6,6,10.5,JJI-00437
1,43,1,9556,1,147.0,100.0,0,0,1,0,0,18,0,2,0,0.0,4,1,16.0,JJI-00441
1,43,1,9130,1,127.0,120.7,1,1,1,0,0,18,0,5,1,12.0,5,3,12.0,JJI-00442
1,1,3,9254,1,122.0,114.3,1,0,1,0,1,20,0,6,5,12.8,6,5,12.8,JJI-00450
1,1,3,9147,1,131.0,132.4,1,0,1,0,0,19,0,5,5,11.8,5,4,11.25,JJI-00455
1,17,1,9238,1,148.0,129.8,0,0,1,0,0,20,0,6,5,10.6,6,4,10.4,JJI-00465
1,1,1,9853,1,133.0,131.3,1,0,1,0,0,20,0,6,5,14.333333333333334,8,8,12.625,JJI-00467
1,17,1,9238,1,128.0,118.6,1,0,1,0,1,21,0,6,5,13.2,6,5,11.8,JJI-00480
1,44,1,9085,1,140.0,140.0,0,0,1,0,0,20,0,6,6,12.666666666666666,6,2,13.0,JJI-00484
1,1,1,9085,1,101.0,101.0,1,1,1,0,0,22,0,6,5,13.333333333333334,6,4,11.4,JJI-00494
1,1,1,9853,1,126.0,116.9,1,0,1,0,0,18,0,7,6,10.666666666666666,7,6,12.833333333333334,JJI-00495
1,17,3,9085,1,134.0,120.4,1,0,1,0,0,20,0,5,3,11.333333333333334,5,5,12.6,JJI-00501
1,1,1,9070,1,125.0,132.0,0,0,0,0,0,18,0,6,5,12.2,6,4,10.833333333333334,JJI-00503
1,39,1,9500,1,133.1,143.7,0,0,1,0,0,27,0,7,4,14.0,7,3,12.525,JJI-00506
1,39,1,33,1,140.0,152.8,0,0,1,0,0,26,0,7,7,14.75,7,5,13.8,JJI-00507
1,1,2,9070,1,121.0,120.7,1,0,1,0,0,18,0,6,4,10.75,6,0,0.0,JJI-00511
1,39,1,9119,1,133.1,100.9,1,0,1,1,0,24,0,5,1,12.0,5,3,10.5,JJI-00527
1,17,1,9147,1,126.0,116.9,0,0,1,1,1,19,0,5,3,11.666666666666666,5,3,11.666666666666666,JJI-00531
1,1,1,9147,1,117.0,118.4,0,0,1,1,0,20,0,5,5,10.0,5,2,12.0,JJI-00542
1,17,2,9119,1,127.0,121.1,1,0,1,1,1,18,0,5,5,13.2,5,5,12.6,JJI-00545
1,1,2,9147,1,133.0,121.8,0,0,1,1,0,20,0,5,4,10.2,5,3,11.0,JJI-00546
1,39,1,9119,1,120.0,146.8,0,0,1,1,0,25,0,5,5,14.2,5,2,13.5,JJI-00547
1,1,1,9670,1,133.1,138.0,0,1,1,1,0,22,0,6,6,12.625,6,2,14.5,JJI-00548
1,1,1,9500,1,149.0,138.0,0,0,1,1,0,18,0,8,6,13.496666666666668,8,6,13.496666666666668,JJI-00549
1,17,1,9147,1,130.0,117.8,1,0,1,1,0,20,0,5,3,11.0,5,3,12.0,JJI-00557
1,44,1,9254,1,130.0,130.0,1,1,1,1,0,23,0,6,3,11.5,6,3,10.666666666666666,JJI-00559
1,1,1,9130,1,132.0,143.9,1,0,1,1,0,20,0,5,2,11.0,5,3,12.666666666666666,JJI-00562
1,1,6,9147,1,121.0,116.8,0,0,1,1,0,20,0,5,3,12.4,5,5,10.833333333333334,JJI-00574
1,39,2,9991,0,172.0,150.0,1,0,1,0,1,28,0,5,5,10.6,5,5,10.2,JJI-00578
1,17,1,9670,1,141.0,128.8,1,0,1,0,0,19,0,6,6,14.833333333333334,6,6,13.285714285714286,JJI-00583
1,1,1,9500,1,133.0,126.7,0,0,1,0,0,19,0,7,4,12.45,7,5,11.7,JJI-00592
1,17,1,9670,1,155.0,134.7,1,0,1,0,0,20,0,6,5,13.4,6,4,13.0,JJI-00594
1,17,1,9003,1,119.0,113.2,0,1,1,0,0,20,0,6,6,13.333333333333334,6,5,14.0,JJI-00595
1,43,3,9500,1,126.0,124.3,1,0,1,0,1,18,0,7,5,11.98,7,5,11.98,JJI-00610
1,17,3,9147,1,118.0,118.0,0,0,1,0,0,20,0,5,4,11.0,5,5,13.2,JJI-00614
1,44,1,9085,1,140.0,140.0,1,0,1,0,0,19,0,6,5,12.666666666666666,6,4,11.75,JJI-00620
1,1,2,9853,1,117.0,109.7,1,0,1,0,0,19,0,6,5,12.2,6,4,13.0,JJI-00632
1,39,1,9991,0,120.0,123.2,0,0,1,0,0,27,0,5,3,10.666666666666666,5,4,11.4,JJI-00638
1,1,6,9147,1,128.0,116.5,0,0,1,0,0,18,0,5,3,11.666666666666666,5,2,11.0,JJI-00642
1,1,1,9147,1,129.0,121.0,1,0,1,0,0,18,0,5,2,10.5,5,3,12.333333333333334,JJI-00643
1,1,3,9500,1,143.0,133.8,1,0,1,0,0,18,0,8,8,14.26875,8,8,14.26875,JJI-00644
1,1,1,9147,1,130.0,131.8,1,0,1,0,1,19,0,5,2,10.5,5,3,13.333333333333334,JJI-00646
1,1,1,9238,1,135.0,121.0,0,0,1,0,0,21,0,6,5,11.2,6,1,10.0,JJI-00647
1,53,1,9085,1,140.0,143.3,1,0,0,0,0,23,0,12,9,13.666666666666666,9,6,13.5,JJI-00652
1,1,4,9238,1,125.0,114.9,1,1,1,0,1,19,0,6,5,11.4,6,3,10.0,JJI-00656
1,1,1,9238,1,135.0,121.0,0,1,1,0,0,18,0,6,5,10.6,6,2,10.0,JJI-00657
1,1,1,9500,1,117.0,117.4,1,0,1,0,0,19,0,7,5,11.8,7,6,11.708333333333334,JJI-00662
1,1,1,9853,1,133.0,126.7,1,0,1,0,0,18,0,6,5,11.833333333333334,6,4,12.0,JJI-00678
1,1,1,9254,1,140.0,130.0,0,0,1,1,0,21,0,6,6,12.571428571428571,6,4,13.0,JJI-00693
1,1,1,9254,1,154.0,137.2,0,0,1,1,0,20,0,6,3,10.0,6,5,10.8,JJI-00698
1,44,1,9085,1,130.0,130.0,0,0,0,1,0,20,0,6,5,13.2,6,3,12.0,JJI-00701
2,42,1,9991,0,123.0,123.0,0,0,1,1,0,37,0,5,5,15.8,5,5,17.6,JJI-00719
1,43,1,9670,1,142.0,138.5,1,0,1,1,0,18,0,6,5,13.8,6,5,12.4,JJI-00720
1,1,1,9254,1,115.0,113.6,0,0,1,1,0,23,0,6,6,13.0,6,6,12.0,JJI-00722
1,43,1,9670,1,141.0,133.3,1,0,1,1,0,18,0,6,4,13.75,6,5,11.2,JJI-00730
1,43,1,9773,1,140.0,116.9,0,0,1,1,0,32,0,11,7,11.285714285714286,7,6,12.333333333333334,JJI-00737
1,1,1,171,1,137.0,146.5,1,1,1,1,0,19,0,12,11,12.0,11,10,11.181818181818182,JJI-00739
1,5,1,171,1,137.0,144.7,1,0,1,1,0,20,0,0,0,0.0,0,0,0.0,JJI-00762
1,15,1,9147,1,133.1,100.0,0,1,1,1,0,40,1,5,1,11.0,5,1,10.0,JJI-00764
1,1,4,9147,1,120.0,111.3,0,0,1,1,0,20,0,5,5,10.2,5,5,11.2,JJI-00766
1,44,1,9130,1,150.0,150.0,1,0,1,0,0,20,0,5,4,12.0,5,4,12.4,JJI-00767
1,1,3,9500,1,136.0,131.1,1,0,1,0,0,19,0,7,6,13.411428571428573,8,7,13.294444444444444,JJI-00773
1,1,1,9085,1,126.0,123.9,1,0,1,0,0,19,0,6,4,11.8,6,4,12.2,JJI-00775
1,17,1,9853,1,119.0,110.6,0,0,1,0,0,20,0,7,6,11.833333333333334,7,6,14.333333333333334,JJI-00779
1,1,3,9500,1,154.0,129.0,1,0,1,0,0,18,0,8,6,13.345,8,6,13.345,JJI-00784
1,1,1,9853,1,127.0,137.2,1,0,1,0,0,18,0,6,6,12.166666666666666,6,4,12.75,JJI-00800
1,53,1,9070,1,130.0,130.0,1,0,0,0,1,22,0,6,6,11.0,6,4,12.0,JJI-00801
1,17,2,9147,1,118.0,113.5,1,1,1,0,0,20,0,5,2,11.5,5,3,10.0,JJI-00806
1,1,1,9130,1,143.0,141.3,0,1,0,0,0,23,0,6,6,14.0,6,4,13.0,JJI-00808
1,1,5,9070,1,123.0,121.3,1,0,1,0,0,20,0,6,6,11.166666666666666,6,6,11.5,JJI-00810
1,51,1,9147,1,130.0,120.0,0,0,1,0,0,21,0,5,5,12.8,5,3,12.666666666666666,JJI-00816
1,17,1,9070,1,136.0,130.8,0,0,1,0,0,20,0,6,6,12.5,6,6,11.5,JJI-00817
1,17,2,9500,1,132.0,125.4,1,0,0,0,1,20,0,7,7,13.462857142857144,8,7,13.164285714285716,JJI-00819
1,1,1,9085,1,140.0,131.6,1,0,1,0,0,20,1,7,6,14.714285714285714,7,6,13.2,JJI-00823
1,43,1,9130,1,120.0,120.0,0,1,1,0,0,21,1,5,5,13.2,5,2,12.5,JJI-00833
1,1,3,9119,1,133.0,121.8,1,0,1,1,0,18,0,5,4,12.0,5,2,11.0,JJI-00836
1,51,1,9556,1,131.0,126.6,1,0,1,1,0,23,0,7,5,12.414285714285713,7,2,13.5,JJI-00838
1,17,1,9147,1,116.0,115.7,0,0,0,1,0,22,0,5,4,11.5,5,4,14.0,JJI-00842
1,1,1,9085,1,122.0,113.3,1,0,1,0,0,18,0,5,4,14.25,5,5,12.714285714285714,JJI-00849
1,5,2,9853,1,122.0,112.6,1,0,1,0,0,22,0,6,5,12.6,6,4,11.25,JJI-00852
1,17,4,9119,1,127.0,120.4,1,1,0,1,0,18,0,5,0,0.0,5,0,0.0,JJI-00855
1,1,1,9556,1,135.0,131.5,0,0,1,1,1,21,0,7,5,11.2,8,6,11.583333333333334,JJI-00874
1,1,1,9254,1,112.0,113.8,1,0,1,0,0,21,0,6,6,10.833333333333334,6,4,11.0,JJI-00899
1,17,5,9238,1,130.0,130.0,1,0,1,0,0,20,0,6,4,11.25,6,3,10.0,JJI-00909
4,39,1,9991,0,120.0,110.0,0,0,1,0,0,37,0,5,2,10.0,5,3,11.333333333333334,JJI-00925
2,39,1,8014,0,133.1,100.0,0,1,1,0,0,37,0,8,7,11.375,7,6,12.166666666666666,JJI-00928
1,39,1,9085,1,140.0,129.3,1,1,1,0,0,28,0,6,0,0.0,6,0,0.0,JJI-00929
1,1,5,9147,1,125.0,122.2,1,0,1,0,0,18,0,5,1,11.0,5,2,12.5,JJI-00931
1,39,1,9500,1,100.0,121.3,1,0,1,0,0,34,0,8,7,11.705714285714285,8,7,11.705714285714285,JJI-00935
1,44,1,9991,0,150.0,150.0,0,0,1,0,0,31,0,6,6,12.0,7,7,13.428571428571429,JJI-00938
1,1,1,9773,1,145.0,131.7,1,0,1,0,0,18,0,6,6,12.666666666666666,6,4,12.25,JJI-00939
2,39,1,9238,1,133.1,130.0,1,0,1,0,0,31,0,6,0,0.0,5,0,0.0,JJI-00943
1,1,2,9119,1,149.0,141.0,0,0,1,1,0,18,0,5,2,11.666666666666666,5,2,12.5,JJI-00964
1,39,1,9119,1,150.0,120.0,0,0,1,1,0,24,0,5,3,10.666666666666666,5,2,10.5,JJI-00970
1,17,3,9119,1,120.0,116.9,1,1,0,1,0,18,0,5,3,12.0,5,3,10.333333333333334,JJI-00976
2,39,1,9991,0,100.0,113.0,0,0,1,1,1,41,0,5,4,11.0,5,5,11.4,JJI-00982
2,39,1,9991,0,130.0,145.6,0,0,1,1,0,34,0,5,4,11.75,5,4,10.833333333333334,JJI-00984
1,1,3,9500,1,113.0,107.8,1,0,1,0,1,20,0,7,5,14.46,7,6,13.55,JJI-00997
1,44,1,9085,1,130.0,130.0,1,0,1,0,0,22,1,6,5,12.8,6,2,11.5,JJI-00998
1,1,1,9853,1,120.0,115.1,0,0,1,0,1,18,0,6,4,12.0,6,4,10.75,JJI-01032
1,1,3,9070,1,125.0,118.0,0,0,1,0,1,18,0,6,6,14.333333333333334,6,6,14.0,JJI-01036
1,1,1,9853,1,124.0,121.6,0,0,1,0,0,18,0,6,5,12.333333333333334,6,5,10.6,JJI-01040
1,1,1,9853,1,163.0,146.6,1,1,1,0,0,18,0,6,5,13.6,6,4,11.75,JJI-01065
1,1,1,9853,1,145.0,142.2,0,0,1,0,0,19,0,6,4,12.5,6,5,12.5,JJI-01073
1,51,1,9070,1,117.0,120.0,1,0,1,0,0,21,0,6,5,12.2,6,4,12.6,JJI-01083
1,17,2,9853,1,114.0,108.8,1,0,1,0,0,18,0,7,5,11.4,7,6,13.333333333333334,JJI-01089
1,43,1,171,1,133.0,133.0,0,0,1,0,0,18,0,0,0,0.0,0,0,0.0,JJI-01090
1,1,2,9853,1,121.0,120.0,1,0,1,0,0,18,0,6,3,12.0,6,4,10.25,JJI-01103
1,43,1,9147,1,123.0,113.2,0,0,1,0,0,21,0,10,6,11.166666666666666,10,7,10.571428571428571,JJI-01104
1,1,2,9500,1,113.0,106.7,1,0,1,0,1,20,0,7,5,12.62,7,6,12.5,JJI-01113
1,39,1,9991,0,120.0,140.0,0,0,1,0,0,25,0,5,3,10.666666666666666,5,3,11.333333333333334,JJI-01114
1,39,2,9556,1,130.0,159.0,1,0,1,0,0,25,0,7,7,11.857142857142858,8,5,11.7,JJI-01119
1,39,1,9238,1,170.0,140.0,1,0,1,0,0,24,0,6,4,15.75,6,5,16.4,JJI-01121
1,1,1,9147,1,138.0,131.0,1,0,1,0,0,19,0,5,4,11.0,5,3,10.666666666666666,JJI-01133
1,17,6,9147,1,121.0,123.8,0,0,1,0,1,19,0,5,5,12.4,5,3,11.0,JJI-01142
1,16,2,9147,1,132.0,122.6,1,0,1,0,1,20,0,5,3,12.0,5,4,12.625,JJI-01145
1,1,1,171,1,131.0,132.8,1,0,1,0,0,18,0,0,0,0.0,0,0,0.0,JJI-01147
1,18,2,9853,1,120.0,115.8,0,0,1,0,0,18,0,7,6,12.0,7,6,12.166666666666666,JJI-01149
1,17,3,9147,1,112.0,107.8,1,0,1,0,0,19,0,5,3,10.333333333333334,5,3,14.428571428571429,JJI-01153
1,1,1,9500,1,138.0,127.5,1,0,1,0,0,19,0,7,5,12.94,7,5,13.76,JJI-01154
1,1,1,9147,1,118.0,117.3,1,0,1,0,0,19,0,5,4,12.25,5,4,12.0,JJI-01156
4,7,1,9500,1,130.0,130.0,1,0,1,0,0,32,0,7,4,13.625,7,7,12.6375,JJI-01162
1,39,1,9991,0,130.0,115.2,0,0,1,1,0,24,0,5,4,12.0,5,5,12.666666666666666,JJI-01174
1,1,2,9500,1,133.1,96.0,1,0,1,0,0,19,0,7,6,13.598333333333334,8,6,11.933333333333332,JJI-01185
2,7,1,9500,1,120.0,120.0,1,0,1,0,0,45,0,11,11,12.7,10,10,12.96818181818182,JJI-01187
1,17,1,9853,1,125.0,128.5,1,0,1,0,0,18,0,7,6,11.5,7,7,12.714285714285714,JJI-01196
2,39,1,9003,1,133.1,120.0,0,1,1,0,0,37,0,6,6,12.875,6,6,12.9,JJI-01208
1,17,1,9238,1,123.0,113.2,0,0,1,0,1,20,0,6,4,10.75,6,5,11.5,JJI-01212
1,1,4,9500,1,126.0,121.3,1,0,1,0,1,18,0,7,6,13.533333333333331,7,7,12.228571428571428,JJI-01215
1,53,1,9085,1,140.0,140.0,1,1,1,0,0,21,0,9,8,13.25,9,5,12.2,JJI-01230
1,39,1,9119,1,133.1,100.0,0,0,1,1,0,25,0,5,1,11.0,5,1,10.0,JJI-01243
1,53,1,9670,1,140.0,140.0,1,1,1,0,0,21,0,6,1,12.0,6,1,11.0,JJI-01249
1,43,1,9085,1,170.0,170.0,1,0,1,0,0,19,0,5,0,0.0,5,4,14.75,JJI-01255
1,53,1,9991,0,140.0,135.0,0,1,1,0,0,23,0,11,8,12.375,9,5,12.6,JJI-01269
1,17,1,9773,1,121.0,113.7,0,0,1,0,0,18,0,6,5,12.6,6,6,12.428571428571429,JJI-01271
1,39,1,8014,0,133.1,116.5,0,0,1,1,1,24,0,6,4,12.25,6,4,11.5,JJI-01279
1,1,2,9070,1,129.0,132.9,1,0,1,1,1,20,0,6,6,11.375,6,5,13.8,JJI-01287
1,17,2,9119,1,120.0,117.2,0,0,1,1,1,18,0,5,4,13.5,6,6,13.625,JJI-01291
1,18,1,9254,1,118.0,123.3,1,0,1,1,0,26,0,6,4,10.0,6,3,12.0,JJI-01300
1,1,1,9670,1,127.0,118.3,1,0,1,0,0,18,0,6,6,12.333333333333334,6,3,12.0,JJI-01315
1,17,2,9085,1,123.0,113.6,1,0,1,0,0,19,0,5,3,12.0,5,4,11.75,JJI-01317
1,1,2,9853,1,123.0,115.3,1,0,1,0,0,20,0,7,6,13.5,7,6,14.0,JJI-01322
1,17,3,9147,1,125.0,118.7,1,0,1,0,0,18,0,5,4,10.666666666666666,5,2,12.0,JJI-01325
1,1,1,9085,1,101.0,98.9,1,0,1,0,0,21,0,6,4,12.5,6,2,12.666666666666666,JJI-01327
1,1,1,9085,1,120.0,113.4,0,0,1,0,0,18,0,6,4,11.5,6,3,13.75,JJI-01330
1,1,1,9238,1,107.0,103.5,1,0,1,0,0,20,0,6,3,11.2,6,4,12.0,JJI-01334
1,17,2,9853,1,126.0,126.0,1,0,1,0,0,19,0,6,5,13.0,6,5,10.4,JJI-01336
1,39,1,9500,1,133.1,121.7,0,0,1,0,1,27,0,7,6,12.6,7,6,11.685714285714283,JJI-01337
1,17,1,9147,1,147.0,142.8,1,1,0,0,1,19,0,5,5,12.8,5,4,12.0,JJI-01338
1,1,3,9500,1,128.0,120.5,1,0,1,0,1,19,0,7,5,13.04,7,7,12.5,JJI-01348
1,53,1,9085,1,140.0,144.9,1,1,0,0,0,23,0,11,11,13.166666666666666,9,8,13.333333333333334,JJI-01349
1,1,1,9238,1,108.0,105.9,0,0,1,0,1,20,0,6,5,10.6,6,5,11.166666666666666,JJI-01355
1,1,1,9085,1,132.0,124.3,0,0,1,0,0,20,0,6,6,13.428571428571429,6,5,12.666666666666666,JJI-01356
1,17,1,9147,1,136.0,122.7,1,0,1,1,0,18,0,5,5,12.0,5,4,12.5,JJI-01377
1,1,2,9085,1,118.0,112.4,1,0,1,1,0,21,0,5,4,11.5,5,3,10.6,JJI-01390
1,1,1,9130,1,133.1,138.0,1,0,1,0,0,20,0,6,6,13.333333333333334,6,6,13.0,JJI-01397
1,1,2,171,1,140.0,138.3,1,0,1,0,0,18,0,0,0,0.0,0,0,0.0,JJI-01401
1,1,2,9773,1,132.0,124.3,1,0,1,0,0,19,0,6,5,12.2,6,5,10.8,JJI-01408
1,1,2,9773,1,122.0,126.9,1,0,1,0,1,19,0,6,4,11.0,6,3,11.666666666666666,JJI-01414
1,1,3,9147,1,127.0,123.5,1,0,1,0,1,19,0,5,5,11.6,5,3,12.666666666666666,JJI-01422
1,1,2,9130,1,140.0,129.5,1,0,1,0,0,18,0,5,4,13.5,5,5,13.4,JJI-01425
1,1,1,9254,1,143.0,133.2,1,0,1,0,0,19,0,6,5,13.4,6,2,13.5,JJI-01428
3,17,1,9238,1,138.0,133.5,1,0,1,0,1,21,0,6,3,10.2,6,4,12.25,JJI-01429
1,1,3,9254,1,129.0,122.0,1,0,1,0,1,18,0,6,6,10.833333333333334,6,5,11.0,JJI-01433
1,1,2,9500,1,130.0,125.1,1,0,1,0,1,18,0,7,6,12.816666666666668,8,6,12.875,JJI-01435
1,15,1,9119,1,160.0,160.0,0,1,1,0,0,19,1,6,2,13.5,5,2,11.0,JJI-01437
1,1,1,9119,1,121.0,114.0,0,0,1,1,0,20,0,5,4,11.6,5,4,12.25,JJI-01455
1,1,1,9147,1,123.0,117.8,0,0,1,1,0,20,0,5,5,12.0,5,4,13.0,JJI-01457
1,1,6,9500,1,122.0,114.3,1,0,1,1,0,18,0,7,6,13.976666666666668,8,6,12.041666666666666,JJI-01458
1,1,1,9670,1,136.0,129.7,1,0,1,1,0,19,0,6,4,12.5,6,1,10.0,JJI-01459
1,1,3,9670,1,121.0,122.4,1,0,1,1,0,19,0,5,3,11.666666666666666,5,4,12.0,JJI-01463
1,17,2,9254,1,135.0,135.0,1,0,1,1,0,20,0,6,6,11.833333333333334,6,5,10.4,JJI-01465
2,17,5,9119,1,126.0,122.9,1,0,1,1,0,21,0,5,4,13.2,5,4,14.25,JJI-01468
1,17,1,9147,1,120.0,124.2,1,0,1,1,0,18,0,5,5,12.0,5,4,11.4,JJI-01471
1,44,1,9003,1,130.0,130.0,1,0,1,1,0,20,0,6,4,11.6,6,5,11.5,JJI-01472
1,17,1,9119,1,131.0,123.7,1,0,1,1,0,20,0,5,4,12.0,5,2,12.5,JJI-01475
1,17,1,9670,1,133.1,96.0,1,0,1,0,1,25,0,6,6,11.285714285714286,6,5,12.2,JJI-01488
4,39,1,9003,1,140.0,150.0,0,0,1,1,0,28,0,6,5,12.0,6,6,12.333333333333334,JJI-01499
2,39,1,9500,1,130.0,163.7,0,0,1,0,0,35,0,7,5,13.34,7,5,10.84,JJI-01504
1,39,1,9500,1,130.0,130.0,0,0,1,0,0,27,0,8,7,12.457142857142856,8,7,12.457142857142856,JJI-01505
1,39,1,9991,0,160.0,160.0,0,0,1,0,1,31,1,5,4,10.5,5,4,10.5,JJI-01507
2,39,1,9991,0,133.1,150.0,0,0,1,1,0,47,0,5,4,10.0,5,4,12.5,JJI-01512
1,1,1,171,1,133.0,141.4,0,0,1,1,1,20,0,0,0,0.0,0,0,0.0,JJI-01519
1,1,1,171,1,134.0,141.7,1,0,1,1,0,18,0,0,0,0.0,0,0,0.0,JJI-01525
4,39,1,9003,1,133.1,100.7,0,0,1,0,0,39,0,6,2,13.0,6,3,13.0,JJI-01531
1,7,1,9119,1,180.0,180.0,0,1,1,1,0,30,0,5,4,14.5,5,3,16.2,JJI-01534
2,44,1,9991,0,140.0,140.0,0,0,1,0,0,41,0,6,4,12.25,7,6,12.5,JJI-01536
1,18,1,9773,1,125.0,122.2,0,0,0,0,0,18,0,6,5,12.6,6,5,11.8,JJI-01547
1,17,1,9147,1,139.0,143.6,1,1,1,1,0,18,0,5,0,0.0,5,0,0.0,JJI-01558
1,15,1,33,1,133.1,100.0,0,0,1,1,0,20,1,7,7,12.857142857142858,7,4,12.75,JJI-01561
1,17,1,9130,1,137.0,130.0,1,0,1,0,0,21,0,6,5,13.6,6,4,14.25,JJI-01562
1,44,1,9130,1,140.0,140.0,1,1,0,0,0,20,0,6,3,12.0,6,2,11.0,JJI-01564
1,17,4,9085,1,106.0,106.0,0,0,1,0,0,20,0,6,6,13.166666666666666,6,4,14.0,JJI-01565
1,15,1,9556,1,137.0,137.0,0,1,1,0,0,19,1,7,0,0.0,7,2,11.666666666666666,JJI-01569
2,1,1,8014,0,121.0,114.4,1,0,1,0,0,45,0,12,12,14.0,7,7,13.857142857142858,JJI-01571
1,39,1,9991,0,100.0,120.7,0,0,1,0,0,28,0,5,4,11.25,5,4,13.0,JJI-01578
1,16,1,171,1,158.0,164.3,1,0,1,1,1,18,0,0,0,0.0,0,0,0.0,JJI-01580
1,16,2,9070,1,133.0,122.5,1,0,1,0,0,18,0,6,1,11.0,6,4,11.0,JJI-01582
1,1,1,9147,1,132.0,131.3,1,0,1,0,0,18,0,5,4,12.0,5,4,12.25,JJI-01587
1,17,2,9119,1,133.1,117.0,1,0,1,1,0,21,0,5,5,11.166666666666666,5,3,10.8,JJI-01588
1,1,4,9147,1,120.0,122.8,1,0,1,1,0,18,0,5,4,11.5,5,2,10.333333333333334,JJI-01593
1,17,1,9147,1,118.0,118.4,1,0,1,1,0,19,0,5,2,10.5,5,4,11.75,JJI-01595
1,1,1,9670,1,127.0,128.1,0,0,1,1,0,19,0,5,4,12.5,5,4,11.0,JJI-01596
1,1,2,9500,1,133.1,99.0,1,0,1,1,0,22,0,7,6,12.833333333333334,8,6,12.5,JJI-01597
1,17,6,9670,1,110.0,111.3,0,0,1,1,0,21,0,6,6,12.285714285714286,6,4,14.25,JJI-01602
1,1,2,9254,1,125.0,121.5,1,0,1,1,0,18,0,6,5,11.0,6,3,10.333333333333334,JJI-01603
1,53,1,9003,1,130.0,130.0,1,1,1,1,0,20,0,12,11,12.545454545454543,10,8,11.625,JJI-01606
1,17,1,9773,1,128.0,125.2,1,0,1,1,0,18,0,6,6,12.666666666666666,6,5,13.6,JJI-01609
1,16,5,9085,1,134.0,123.9,1,0,1,1,0,18,0,5,5,13.0,5,5,12.4,JJI-01612
1,43,1,8014,0,130.0,100.0,0,0,1,1,0,54,0,13,13,13.307692307692308,11,11,12.818181818181818,JJI-01634
1,1,1,9500,1,141.0,124.3,0,0,1,0,0,19,0,8,7,14.514285714285714,8,7,14.514285714285714,JJI-01651
1,7,1,9991,0,120.0,120.0,0,0,1,0,0,27,0,5,5,15.2,5,5,14.0,JJI-01653
1,1,2,9085,1,130.0,129.0,0,0,1,0,0,20,0,5,4,11.75,5,2,10.5,JJI-01658
1,1,1,171,1,136.0,152.5,1,0,1,0,0,20,0,0,0,0.0,0,0,0.0,JJI-01660
1,1,1,9773,1,150.0,138.1,1,0,1,0,0,19,0,6,6,14.0,6,5,15.0,JJI-01666
1,39,1,9991,0,133.1,127.7,0,0,1,0,0,25,0,5,4,12.5,5,4,11.0,JJI-01671
1,1,1,9119,1,128.0,124.5,1,0,1,1,0,19,0,5,3,10.666666666666666,5,2,14.0,JJI-01681
1,1,1,9773,1,117.0,109.3,0,0,1,1,0,19,0,6,4,12.25,6,3,12.666666666666666,JJI-01682
1,1,1,171,1,124.0,121.2,1,0,1,1,0,20,0,0,0,0.0,0,0,0.0,JJI-01689
1,1,1,9147,1,131.0,123.3,0,0,1,1,0,19,0,5,5,11.8,5,4,12.4,JJI-01694
1,1,1,9119,1,131.0,135.9,0,0,1,1,0,18,0,5,2,14.0,5,3,11.0,JJI-01706
1,1,4,9147,1,117.0,117.0,1,0,1,1,0,19,0,5,4,10.75,5,4,12.25,JJI-01708
1,44,1,9991,0,130.0,130.0,0,0,1,0,0,31,0,6,4,12.25,7,7,12.0,JJI-01711
1,44,1,9085,1,140.0,140.0,0,1,0,0,0,24,0,6,4,12.5,6,2,11.5,JJI-01714
2,39,1,9500,1,100.0,130.0,0,0,1,1,1,33,0,8,1,10.0,8,1,10.0,JJI-01718
1,44,1,9130,1,130.0,130.0,1,0,1,0,1,20,0,6,4,12.0,6,4,10.75,JJI-01728
2,39,1,8014,0,140.0,172.0,0,0,1,1,0,44,0,11,9,12.333333333333334,11,9,11.0,JJI-01734
1,1,5,9500,1,130.0,118.1,1,0,1,1,0,18,0,7,6,12.035714285714286,8,7,13.75,JJI-01738
1,17,4,9254,1,122.0,116.1,1,0,1,1,0,19,0,6,5,12.2,6,2,12.0,JJI-01742
1,44,1,9003,1,120.0,120.0,1,0,1,1,0,21,0,9,7,11.285714285714286,8,4,12.25,JJI-01751
1,17,2,9070,1,152.0,134.2,1,0,1,1,0,20,0,6,5,11.8,6,4,12.0,JJI-01753
1,44,1,9119,1,150.0,150.0,0,0,1,1,0,20,0,5,0,0.0,5,2,10.5,JJI-01754
1,1,1,9119,1,150.0,143.4,0,0,0,1,1,18,0,5,5,14.2,5,5,14.2,JJI-01756
1,17,1,171,1,145.0,143.6,0,1,1,1,0,19,0,12,10,12.7,11,10,12.272727272727272,JJI-01757
1,44,1,9254,1,170.0,170.0,0,0,0,1,0,26,0,8,8,15.125,6,6,13.666666666666666,JJI-01768
1,51,1,9147,1,116.0,115.2,0,1,1,1,0,32,0,7,3,12.0,8,3,10.333333333333334,JJI-01770
1,16,3,9853,1,134.0,121.4,1,0,1,0,1,23,0,6,4,14.25,6,5,12.0,JJI-01771
1,39,1,9147,1,133.1,134.8,0,0,1,0,0,24,1,5,2,10.5,5,4,10.0,JJI-01772
1,42,1,9003,1,140.0,140.0,1,0,1,1,0,25,0,6,5,11.666666666666666,6,4,12.0,JJI-01774
1,17,6,9254,1,108.0,112.2,1,0,1,1,0,19,0,6,5,10.8,6,3,10.0,JJI-01775
1,1,1,9670,1,133.1,139.0,0,0,1,1,0,21,0,6,5,12.8,6,5,12.25,JJI-01781
1,17,3,9147,1,122.0,116.1,1,1,1,1,0,19,0,5,4,11.0,5,2,12.0,JJI-01784
1,43,1,9147,1,123.0,110.0,0,0,1,1,0,25,0,5,3,11.0,5,4,11.5,JJI-01786
1,43,1,9500,1,136.0,118.4,1,0,1,0,0,21,0,7,4,13.125,7,6,12.333333333333334,JJI-01795
1,1,3,9119,1,117.0,111.1,0,0,1,1,1,19,0,5,5,11.8,5,3,11.5,JJI-01807
1,1,5,9119,1,131.0,126.8,0,0,0,1,1,18,0,5,5,12.2,5,4,12.0,JJI-01809
1,39,1,9003,1,133.1,140.0,0,1,1,1,0,24,0,6,6,14.88888888888889,6,6,13.727272727272728,JJI-01816
1,43,1,9085,1,130.0,130.0,1,0,0,0,0,19,0,6,5,13.0,6,3,11.666666666666666,JJI-01821
1,1,3,9500,1,122.0,114.8,1,0,1,0,1,19,0,7,4,12.65,7,5,11.1,JJI-01822
1,17,1,9147,1,162.0,138.6,1,0,1,0,0,19,0,5,1,11.0,5,0,0.0,JJI-01823
1,17,1,9085,1,125.0,118.4,1,0,1,0,0,21,0,5,3,11.333333333333334,5,2,10.5,JJI-01828
1,1,1,9147,1,128.0,122.1,0,0,1,0,1,18,0,5,4,11.571428571428571,5,5,12.0,JJI-01830
2,39,1,9500,1,133.1,109.0,1,0,1,0,0,39,0,7,5,12.16,7,5,12.16,JJI-01838
1,1,2,9147,1,128.0,121.0,1,1,1,1,0,20,0,5,5,13.2,5,5,11.4,JJI-01844
1,43,3,9254,1,135.0,122.1,0,0,1,1,0,19,0,6,3,12.5,6,4,11.0,JJI-01850
2,42,1,9991,0,130.0,130.0,0,0,1,1,0,27,0,2,2,12.5,5,2,12.5,JJI-01860
1,39,1,9119,1,110.0,125.9,0,0,1,1,0,34,0,5,0,0.0,5,1,11.0,JJI-01862
2,44,1,9119,1,160.0,160.0,0,1,1,1,0,41,0,7,5,14.333333333333334,6,6,14.636363636363637,JJI-01881
2,39,1,9500,1,133.1,115.2,0,0,1,0,0,48,0,7,4,11.75,7,3,11.725,JJI-01885
1,1,1,171,1,147.0,145.3,1,0,1,0,0,18,0,0,0,0.0,0,0,0.0,JJI-01894
1,1,1,9070,1,124.0,132.1,1,0,1,0,0,19,0,6,2,10.5,6,3,11.0,JJI-01896
1,1,1,9085,1,105.0,102.6,0,0,1,0,0,21,0,6,4,12.0,6,2,11.5,JJI-01897
1,17,1,9853,1,112.0,106.1,1,0,1,0,0,19,0,6,5,12.333333333333334,6,5,11.0,JJI-01909
1,43,1,9670,1,151.0,100.0,0,1,1,0,0,20,0,6,5,12.2,6,5,14.6,JJI-01920
1,44,1,9085,1,140.0,140.0,1,0,1,0,0,20,0,6,5,14.2,6,2,13.5,JJI-01921
1,1,1,9853,1,142.0,132.6,0,0,1,0,0,18,0,6,5,12.8,6,3,10.0,JJI-01923
1,1,1,9070,1,123.0,124.8,0,0,0,0,1,18,0,6,5,11.8,6,5,13.0,JJI-01929
1,1,4,9500,1,140.0,133.8,1,0,1,0,0,17,0,8,5,12.46,8,5,12.46,JJI-01955
1,1,4,9238,1,125.0,122.6,1,0,1,0,0,18,0,6,5,11.833333333333334,6,2,11.5,JJI-01957
1,53,1,9085,1,130.0,130.0,1,1,0,0,0,24,0,9,8,13.125,9,6,13.0,JJI-01960
1,18,1,9500,1,128.0,125.8,0,0,1,0,1,20,0,8,0,0.0,8,0,0.0,JJI-01962
1,1,3,9085,1,135.0,121.0,1,0,1,0,0,18,0,5,3,12.333333333333334,5,5,11.6,JJI-01968
1,17,1,9853,1,146.0,128.2,0,1,1,0,0,18,0,6,4,13.25,6,3,10.666666666666666,JJI-01969
1,51,1,9238,1,122.0,112.6,0,1,1,0,0,20,0,11,8,12.625,10,3,11.0,JJI-01971
1,1,4,9500,1,118.0,110.0,1,0,1,0,0,19,0,7,4,12.85,7,7,12.62142857142857,JJI-01977
1,44,1,9085,1,140.0,140.0,0,0,1,0,0,20,0,6,6,14.285714285714286,6,3,13.0,JJI-01979
2,39,1,9991,0,140.0,130.0,0,0,1,0,0,34,0,5,0,0.0,5,0,0.0,JJI-01988
1,1,5,9670,1,120.0,112.0,1,0,1,0,0,18,0,6,4,11.25,6,5,12.2,JJI-01990
1,39,1,8014,0,120.0,119.5,0,1,1,0,0,25,1,6,6,11.333333333333334,6,4,11.75,JJI-01993
1,1,1,9254,1,100.0,101.8,1,0,1,0,0,21,0,6,5,11.6,6,5,13.0,JJI-02019
2,39,1,9991,0,120.0,170.0,0,0,1,0,0,34,0,5,2,11.5,5,4,11.75,JJI-02025
1,1,2,171,1,127.0,133.5,1,0,1,1,0,17,0,0,0,0.0,0,0,0.0,JJI-02028
1,42,1,9500,1,100.0,153.0,0,0,1,1,0,22,0,6,3,14.5,7,4,14.375,JJI-02036
1,1,6,9500,1,138.0,123.0,1,0,1,0,0,19,0,7,5,13.44,7,6,13.066666666666668,JJI-02054
1,44,1,9085,1,150.0,150.0,0,0,1,0,0,20,0,6,6,13.0,6,2,12.0,JJI-02058
1,18,4,9853,1,123.0,123.7,1,0,1,0,0,19,0,6,5,12.666666666666666,6,5,11.0,JJI-02069
5,1,3,9085,1,133.0,119.7,1,0,1,0,0,21,0,5,5,12.2,5,3,11.333333333333334,JJI-02092
1,17,1,9773,1,133.1,117.0,0,0,1,0,0,21,0,6,5,11.8,6,5,11.833333333333334,JJI-02101
1,43,1,9500,1,127.0,121.1,0,0,1,0,1,18,0,7,5,12.16,7,2,13.4,JJI-02106
1,16,1,9070,1,145.0,146.1,1,0,1,0,0,18,0,6,1,15.0,6,4,12.5,JJI-02107
1,17,1,9085,1,138.0,126.8,1,0,1,0,0,18,0,5,2,11.5,5,3,11.8,JJI-02109
1,44,3,9085,1,150.0,150.0,1,0,1,0,0,19,0,5,1,13.0,5,3,15.333333333333334,JJI-02111
1,17,1,171,1,133.0,134.8,1,0,1,0,0,18,0,0,0,0.0,0,0,0.0,JJI-02120
1,1,1,9085,1,125.0,126.8,0,0,1,0,0,18,0,6,6,12.0,6,4,12.75,JJI-02131
1,17,5,9500,1,137.0,131.1,1,0,1,0,0,18,0,7,7,12.385714285714286,8,7,12.728571428571428,JJI-02141
1,17,1,9130,1,143.0,131.8,1,1,0,0,0,18,0,6,5,12.4,6,5,14.166666666666666,JJI-02146
1,44,1,9085,1,130.0,130.0,1,0,1,0,0,21,0,6,3,11.75,6,5,12.333333333333334,JJI-02152
1,17,2,171,1,137.0,143.3,1,0,1,0,0,18,0,0,0,0.0,0,0,0.0,JJI-02157
1,17,2,9238,1,133.0,136.2,1,0,1,0,0,19,0,6,1,11.5,6,2,10.5,JJI-02185
1,1,1,9070,1,124.0,126.8,0,0,1,0,1,18,0,6,6,12.0,6,5,11.142857142857142,JJI-02187
1,17,1,171,1,144.0,129.3,1,0,1,1,1,18,0,0,0,0.0,0,0,0.0,JJI-02191
1,17,1,9119,1,142.0,127.3,0,0,1,1,0,18,0,5,3,11.0,5,3,11.0,JJI-02194
1,1,2,9773,1,133.1,98.0,1,0,1,1,1,19,0,6,4,12.0,6,6,12.285714285714286,JJI-02196
1,17,2,9147,1,130.0,122.0,1,0,1,1,0,20,0,5,2,10.5,5,4,12.25,JJI-02197
1,43,1,9070,1,117.0,112.5,1,0,1,1,0,19,0,6,3,11.666666666666666,6,4,10.333333333333334,JJI-02198
1,44,1,9119,1,180.0,180.0,0,0,1,1,1,20,0,7,6,14.142857142857142,6,6,14.125,JJI-02206
1,43,1,9147,1,130.0,130.8,0,0,1,1,0,22,0,5,0,0.0,5,3,13.333333333333334,JJI-02208
1,17,2,9147,1,133.1,109.0,1,0,1,1,1,22,0,5,3,12.333333333333334,5,3,10.571428571428571,JJI-02209
1,1,1,9119,1,126.0,130.2,0,0,1,1,0,19,0,5,5,10.2,5,3,12.0,JJI-02213
1,1,2,9773,1,133.0,130.2,0,0,1,1,0,19,0,6,5,12.6,10,8,11.0,JJI-02216
1,43,1,9119,1,146.0,100.0,0,0,1,1,0,18,0,5,4,12.25,5,3,11.666666666666666,JJI-02223
1,17,2,9254,1,118.0,121.2,0,0,1,1,1,18,0,6,3,10.666666666666666,6,4,12.0,JJI-02235
1,1,1,9254,1,123.0,117.8,0,0,1,1,0,19,0,6,4,12.75,6,2,13.0,JJI-02237
1,39,1,9130,1,130.0,110.0,0,0,1,1,0,24,0,6,6,11.333333333333334,6,3,11.333333333333334,JJI-02239
1,39,1,9085,1,133.1,138.3,1,1,0,1,0,25,0,6,0,0.0,6,0,0.0,JJI-02240
2,39,1,9991,0,130.0,127.8,0,0,1,1,0,37,0,5,4,10.75,5,3,11.333333333333334,JJI-02242
1,43,1,9119,1,128.0,100.0,0,0,1,1,0,19,0,5,5,12.0,5,2,10.5,JJI-02243
1,17,1,9500,1,128.0,124.7,0,0,1,1,1,19,0,7,6,12.528571428571428,7,6,12.416666666666666,JJI-02247
1,43,2,9500,1,136.0,124.1,0,0,1,1,1,21,0,8,0,0.0,8,0,0.0,JJI-02248
1,44,1,9003,1,130.0,130.0,0,0,1,1,0,20,0,7,3,10.666666666666666,6,2,11.5,JJI-02258
1,1,2,9670,1,122.0,116.1,0,0,1,1,1,19,0,6,6,13.125,6,6,12.714285714285714,JJI-02261
1,1,1,9853,1,110.0,114.3,1,0,1,1,0,42,0,6,5,12.4,6,5,11.8,JJI-02265
1,18,1,9085,1,106.0,104.6,0,0,0,1,0,21,0,6,5,14.0,6,4,14.8,JJI-02266
1,1,1,9070,1,132.0,136.6,1,0,1,1,0,19,0,6,5,11.4,6,3,11.0,JJI-02279
1,44,1,9003,1,140.0,140.0,0,0,1,1,0,21,0,6,4,11.75,6,4,10.5,JJI-02282
1,1,1,9070,1,140.0,138.3,0,0,1,1,0,20,0,6,6,13.428571428571429,6,4,11.5,JJI-02285
1,42,1,9119,1,136.0,117.5,0,0,1,1,0,19,0,5,4,11.8,5,2,11.5,JJI-02289
1,44,1,9119,1,140.0,140.0,0,0,1,1,0,23,0,7,3,14.0,6,1,14.0,JJI-02301
1,17,1,9070,1,131.0,125.1,0,0,1,1,0,18,0,6,6,12.333333333333334,6,5,10.8,JJI-02302
1,1,1,9147,1,130.0,118.8,0,1,1,1,1,22,0,5,5,10.666666666666666,5,2,11.0,JJI-02303
1,18,5,9119,1,136.0,125.2,1,0,1,1,0,19,0,5,5,11.833333333333334,5,5,14.714285714285714,JJI-02304
1,1,3,9070,1,110.0,107.6,1,0,1,1,1,22,0,6,6,11.666666666666666,6,6,12.166666666666666,JJI-02306
1,43,1,9070,1,160.0,100.0,0,0,1,1,0,38,0,6,5,16.0,6,4,16.5,JJI-02322
1,39,1,9500,1,110.0,126.0,1,0,1,1,0,27,0,7,7,14.085714285714284,7,7,14.085714285714284,JJI-02324
1,51,1,9119,1,129.0,121.6,1,0,1,1,0,19,0,5,0,0.0,5,1,10.0,JJI-02327
1,17,1,9119,1,122.0,114.7,0,0,1,1,0,20,0,5,5,15.8,5,5,13.714285714285714,JJI-02340
1,17,4,9119,1,139.0,133.1,1,0,1,1,0,18,0,5,4,12.5,5,3,14.666666666666666,JJI-02342
1,43,1,9670,1,132.0,120.5,0,0,1,1,0,19,0,6,4,12.5,6,4,13.25,JJI-02347
1,39,1,9119,1,139.0,110.3,0,1,1,1,0,24,0,5,1,10.0,5,1,11.0,JJI-02361
1,44,1,9119,1,140.0,140.0,1,0,1,1,0,22,0,5,0,0.0,5,2,11.666666666666666,JJI-02364
1,1,1,9003,1,144.0,132.8,0,0,1,1,1,19,0,6,4,12.0,6,4,12.5,JJI-02365
1,1,1,171,1,131.0,127.2,1,1,1,1,0,23,0,17,13,12.153846153846152,17,11,11.909090909090908,JJI-02367
1,1,1,9773,1,140.0,133.4,1,0,0,1,0,29,0,6,6,16.5,6,5,13.8,JJI-02369
1,44,1,9003,1,140.0,140.0,0,0,1,1,0,20,0,6,6,11.285714285714286,6,5,11.77777777777778,JJI-02371
1,17,3,171,1,125.0,117.0,1,0,1,1,0,22,0,0,0,0.0,0,0,0.0,JJI-02373
1,1,2,9670,1,117.0,110.7,1,0,1,1,0,20,0,6,5,14.0,6,6,12.0,JJI-02374
1,39,1,9130,1,150.0,160.0,1,0,1,1,0,24,0,5,4,13.75,5,3,12.0,JJI-02375
1,53,1,9003,1,130.0,130.0,0,1,1,1,0,21,0,12,10,11.8,12,9,11.444444444444445,JJI-02384
1,17,1,9119,1,127.0,115.8,0,0,1,1,0,20,0,5,4,11.5,5,0,0.0,JJI-02385
1,1,5,9773,1,125.0,126.1,1,0,1,1,0,22,0,6,5,13.4,6,3,10.666666666666666,JJI-02387
1,1,1,9147,1,135.0,126.3,0,0,1,1,0,18,0,5,2,13.5,5,3,12.333333333333334,JJI-02393
1,43,1,9773,1,128.0,124.2,1,0,1,1,0,22,0,6,3,11.333333333333334,6,3,12.333333333333334,JJI-02396
1,1,2,9773,1,135.0,136.1,1,0,1,1,0,19,0,6,5,11.4,6,5,12.4,JJI-02398
2,39,2,9991,0,150.0,120.0,0,0,1,0,0,43,0,5,3,10.666666666666666,5,4,12.5,JJI-02413
1,39,1,9003,1,133.1,129.8,0,0,1,1,0,24,1,7,7,13.571428571428571,6,5,13.4,JJI-02420
1,17,4,9119,1,135.0,126.6,1,0,1,1,0,18,0,5,4,12.0,5,3,13.0,JJI-02434
2,43,1,9085,1,160.0,120.0,0,0,1,1,0,21,0,5,0,0.0,5,3,11.666666666666666,JJI-02435
1,39,1,8014,0,100.0,108.3,0,0,1,1,0,39,0,6,5,11.4,6,3,11.0,JJI-02442
1,39,1,9500,1,120.0,100.0,0,0,1,1,0,34,0,7,6,11.333333333333334,7,4,12.6,JJI-02446
1,1,1,171,1,130.0,118.1,0,1,0,1,0,18,0,0,0,0.0,0,0,0.0,JJI-02451
1,15,1,171,1,130.0,130.0,0,0,1,1,0,21,1,12,12,15.083333333333334,11,11,13.083333333333334,JJI-02454
1,1,1,9147,1,166.0,146.4,0,0,1,1,0,27,0,5,3,10.0,5,1,13.0,JJI-02458
1,1,1,9119,1,146.0,148.5,1,0,1,1,0,18,0,5,4,10.0,5,1,16.0,JJI-02467
1,44,1,9003,1,140.0,140.0,0,0,1,1,1,20,0,6,5,13.833333333333334,6,6,12.3,JJI-02468
1,44,1,9130,1,150.0,150.0,1,0,1,1,0,19,0,6,5,11.6,6,2,11.0,JJI-02471
1,1,1,9254,1,160.0,140.8,1,0,1,1,0,23,0,6,6,12.666666666666666,6,5,12.2,JJI-02478
1,43,1,171,1,120.0,120.0,1,0,1,1,0,22,0,0,0,0.0,0,0,0.0,JJI-02481
1,17,6,9147,1,133.0,123.2,1,0,1,1,0,20,0,5,3,12.666666666666666,5,2,12.5,JJI-02489
1,17,2,9773,1,124.0,127.9,1,0,1,1,0,20,0,6,3,13.666666666666666,6,4,10.25,JJI-02491
1,1,2,9147,1,128.0,120.3,0,0,1,1,0,19,0,5,5,10.8,5,2,13.5,JJI-02492
1,15,1,9500,1,190.0,190.0,1,0,1,0,0,18,1,7,4,11.575,7,5,12.419999999999998,JJI-02512
1,17,4,9119,1,122.0,121.0,1,0,1,1,0,20,1,5,4,14.25,5,1,10.0,JJI-02516
1,17,1,9130,1,138.0,126.3,1,0,1,0,1,18,0,6,6,12.833333333333334,6,6,13.0,JJI-02534
1,17,2,9853,1,141.0,130.2,1,0,1,0,0,19,0,6,5,11.4,6,4,10.75,JJI-02536
1,43,1,9130,1,100.0,100.0,0,0,1,0,0,19,1,5,5,14.857142857142858,5,5,15.142857142857142,JJI-02537
1,44,1,9003,1,140.0,140.0,0,0,1,0,0,19,0,6,3,11.666666666666666,6,4,11.5,JJI-02545
1,17,3,9070,1,145.0,153.1,1,0,1,0,1,20,0,6,6,12.5,6,6,14.333333333333334,JJI-02552
1,18,4,9119,1,134.0,124.9,1,1,1,1,0,18,0,5,3,10.666666666666666,5,3,11.333333333333334,JJI-02555
1,1,1,9119,1,163.0,150.8,1,0,1,1,0,18,0,5,4,10.5,5,2,10.5,JJI-02556
1,1,2,171,1,165.0,163.6,1,0,1,0,0,18,0,0,0,0.0,0,0,0.0,JJI-02558
1,43,1,9147,1,142.0,115.0,0,0,1,0,0,19,0,5,5,11.5,5,2,10.666666666666666,JJI-02559
1,1,1,9238,1,133.0,126.0,0,0,1,0,0,20,0,6,1,12.0,5,0,0.0,JJI-02564
1,39,1,8014,0,140.0,105.0,0,0,1,0,0,26,0,6,3,10.666666666666666,6,5,11.2,JJI-02568
1,39,1,9147,1,133.1,139.4,0,1,1,0,0,41,0,5,5,11.6,5,5,12.2,JJI-02569
1,39,1,9991,0,150.0,138.5,0,0,1,0,0,26,0,5,4,12.0,5,4,11.25,JJI-02584
1,18,2,9147,1,115.0,108.7,1,0,1,0,0,21,0,5,3,12.0,5,3,12.666666666666666,JJI-02587
1,1,4,9147,1,133.1,106.0,1,0,1,0,0,24,0,5,2,10.5,5,1,11.0,JJI-02588
1,1,4,9853,1,134.0,127.4,1,0,1,0,0,18,0,6,5,12.2,6,5,12.2,JJI-02590
1,1,1,9853,1,133.1,95.0,1,1,0,0,0,22,0,7,6,11.5,7,6,13.166666666666666,JJI-02592
1,17,1,9147,1,115.0,115.0,1,0,1,0,0,23,0,5,2,10.0,5,1,12.0,JJI-02595
1,17,3,9085,1,130.0,121.3,1,0,1,0,0,21,0,5,2,13.0,5,4,12.0,JJI-02599
1,17,3,9853,1,118.0,121.2,1,0,1,0,0,18,0,6,5,13.4,6,5,12.0,JJI-02600
1,17,1,9254,1,122.0,112.9,1,0,1,0,0,22,0,6,4,12.25,6,3,11.333333333333334,JJI-02602
1,42,1,9070,1,100.0,115.9,0,0,1,0,0,29,0,10,9,11.555555555555555,11,10,11.9,JJI-02621
1,1,1,9500,1,137.0,125.3,0,0,1,1,0,19,0,7,7,12.2,7,7,12.2,JJI-02628
1,1,1,9147,1,120.0,111.3,0,0,1,1,1,18,0,5,4,10.8,5,4,11.75,JJI-02629
1,39,9,9991,0,120.0,144.8,0,0,1,1,0,28,0,5,4,12.75,5,5,14.333333333333334,JJI-02630
1,1,1,9670,1,132.0,129.9,1,0,1,1,0,20,0,6,6,12.714285714285714,6,4,13.0,JJI-02635
1,43,1,9070,1,150.0,126.4,0,0,1,1,0,26,0,7,7,13.285714285714286,8,7,12.142857142857142,JJI-02647
1,1,1,9500,1,127.0,121.4,0,0,1,1,0,20,0,7,5,13.976666666666668,8,8,13.22222222222222,JJI-02651
1,17,2,9853,1,114.0,111.9,1,0,1,1,1,20,0,6,6,12.0,6,6,12.5,JJI-02658
2,39,1,9500,1,133.1,100.5,1,0,1,1,0,43,0,8,7,11.635714285714286,8,7,11.635714285714286,JJI-02669
1,17,5,9119,1,138.0,123.3,1,1,1,1,0,18,0,5,4,12.5,5,5,11.285714285714286,JJI-02671
2,39,1,9991,0,160.0,114.3,0,0,1,1,0,40,0,5,3,11.0,5,4,12.5,JJI-02674
1,1,1,9254,1,133.1,97.0,0,0,1,1,0,27,0,6,6,10.666666666666666,6,4,11.25,JJI-02676
1,44,1,9003,1,140.0,140.0,1,1,1,1,0,26,0,6,0,0.0,6,0,0.0,JJI-02679
1,1,2,9119,1,126.0,122.5,1,0,1,1,0,20,0,5,5,10.8,5,3,12.0,JJI-02686
1,51,1,9147,1,130.0,115.7,0,0,1,1,0,20,0,5,5,11.0,5,3,10.0,JJI-02687
1,1,1,9119,1,140.0,166.0,1,1,1,1,0,20,0,5,0,0.0,5,0,0.0,JJI-02689
1,39,1,9500,1,120.0,125.3,0,1,1,1,0,30,0,7,4,14.4,7,6,13.5,JJI-02696
1,17,1,9670,1,115.0,109.1,0,1,0,1,0,21,0,6,4,12.25,6,4,13.4,JJI-02698
1,17,1,9670,1,109.0,108.0,0,0,1,1,0,19,0,5,0,0.0,5,0,0.0,JJI-02705
4,39,1,9556,1,160.0,130.0,0,0,1,0,0,25,0,7,7,11.95,8,7,12.042857142857144,JJI-02710
2,39,2,9556,1,110.0,112.8,0,0,1,0,1,26,0,7,0,0.0,8,0,0.0,JJI-02717
1,17,2,9147,1,129.0,128.3,1,0,1,0,0,19,0,5,3,11.0,5,4,11.75,JJI-02722
1,43,1,9085,1,127.0,100.0,0,0,1,0,0,21,0,6,4,11.75,6,3,13.666666666666666,JJI-02723
1,1,1,9130,1,138.0,123.0,1,0,1,0,0,21,0,5,1,11.0,5,2,10.5,JJI-02726
1,39,1,9085,1,130.0,120.0,0,0,0,0,0,26,0,6,6,15.428571428571429,6,5,14.5,JJI-02729
1,1,1,9500,1,131.0,122.0,1,0,1,0,0,20,0,8,7,14.014285714285714,8,7,14.014285714285714,JJI-02733
1,17,2,9238,1,118.0,110.7,1,0,1,0,0,18,0,6,2,10.333333333333334,6,3,13.333333333333334,JJI-02734
1,1,1,9500,1,106.0,102.2,1,1,1,1,0,20,0,7,7,12.401428571428571,8,6,11.808333333333332,JJI-02747
1,44,1,9003,1,120.0,120.0,0,0,1,1,0,23,0,6,0,0.0,6,0,0.0,JJI-02759
1,44,1,9003,1,130.0,130.0,0,0,1,1,0,20,0,6,4,10.8,6,4,12.0,JJI-02760
1,43,1,8014,0,120.0,100.0,0,0,1,0,0,45,0,9,8,11.0,7,6,10.833333333333334,JJI-02762
1,39,1,8014,0,100.0,111.0,1,0,1,0,1,26,0,6,3,12.333333333333334,6,3,11.666666666666666,JJI-02763
1,39,1,9991,0,130.0,130.1,0,0,1,0,0,25,0,5,3,11.0,5,3,11.25,JJI-02765
1,1,1,9500,1,124.0,117.5,1,0,1,1,0,19,0,8,5,12.858,8,5,12.858,JJI-02773
1,1,4,9500,1,126.0,120.2,0,0,1,0,1,19,0,7,5,14.06,7,7,11.242857142857142,JJI-02775
1,17,2,171,1,141.0,136.1,1,0,1,0,1,18,0,0,0,0.0,0,0,0.0,JJI-02777
1,43,2,9670,1,129.0,122.4,1,0,1,0,0,19,0,5,4,13.75,6,5,12.6,JJI-02778
1,43,1,9773,1,119.0,105.0,1,0,1,0,0,23,0,6,3,11.333333333333334,6,2,11.0,JJI-02783
1,1,1,9238,1,132.0,129.9,1,0,1,0,0,20,0,6,5,13.2,6,6,12.666666666666666,JJI-02784
1,1,3,9670,1,120.0,111.3,1,0,1,1,0,19,0,5,3,11.333333333333334,5,4,11.0,JJI-02788
4,39,1,9991,0,130.0,127.6,0,0,1,1,0,29,0,5,0,0.0,5,0,0.0,JJI-02795
1,1,1,9670,1,122.0,126.6,1,0,1,0,0,18,0,6,6,14.625,6,6,14.142857142857142,JJI-02808
1,1,3,9500,1,126.0,120.1,1,0,1,0,0,19,0,7,4,13.375,7,6,12.116666666666667,JJI-02810
1,1,1,9147,1,129.0,117.8,0,0,1,0,1,19,0,5,4,11.0,5,4,13.857142857142858,JJI-02818
1,43,1,9773,1,127.0,117.6,1,0,1,0,0,18,0,6,0,0.0,6,3,11.0,JJI-02820
1,17,1,9670,1,115.0,109.1,1,0,1,0,1,19,0,6,6,13.285714285714286,6,5,14.6,JJI-02824
1,1,5,9500,1,125.0,120.3,1,0,1,0,0,19,0,7,5,11.716666666666669,7,5,13.7,JJI-02825
1,1,2,9070,1,129.0,136.4,1,0,1,0,0,18,0,6,6,12.333333333333334,6,6,12.833333333333334,JJI-02829
1,17,3,9147,1,137.0,124.4,1,0,1,0,0,18,0,5,5,12.6,5,4,11.0,JJI-02832
2,39,1,9003,1,150.0,120.0,0,1,0,0,0,34,0,6,6,14.333333333333334,6,6,12.833333333333334,JJI-02833
1,1,2,9670,1,117.0,111.8,0,0,1,0,0,22,0,5,3,12.0,5,2,11.0,JJI-02834
2,39,2,9147,1,140.0,108.0,0,0,1,0,0,50,0,5,3,13.333333333333334,5,5,12.2,JJI-02838
1,39,1,9085,1,130.0,110.0,0,0,1,0,1,25,0,6,3,11.666666666666666,6,2,11.333333333333334,JJI-02841
2,39,1,9991,0,120.0,119.9,0,0,1,0,0,50,0,5,2,10.5,5,3,11.0,JJI-02845
4,43,1,8014,0,133.1,106.0,1,0,1,0,0,48,0,6,5,13.0,6,4,12.5,JJI-02860
2,39,1,9147,1,110.0,140.0,0,0,1,0,0,41,0,5,4,14.5,5,5,13.0,JJI-02869
2,43,1,9991,0,140.0,117.3,0,0,1,0,0,28,0,10,6,10.666666666666666,10,9,11.333333333333334,JJI-02873
1,51,1,9147,1,160.0,118.0,0,0,1,0,0,53,0,15,15,11.8,13,12,11.666666666666666,JJI-02876
1,39,1,8014,0,120.0,106.8,0,0,1,0,0,49,0,6,5,12.333333333333334,6,4,11.5,JJI-02878
1,43,1,9238,1,122.0,114.3,1,0,1,0,0,22,0,10,8,11.0,7,5,11.2,JJI-02882
1,39,1,9991,0,120.0,147.8,0,0,1,0,0,40,0,5,4,11.25,5,5,12.0,JJI-02897
2,43,1,9991,0,120.0,120.0,0,0,1,0,0,36,0,12,11,11.5,12,12,11.4375,JJI-02901
6,39,1,8014,0,133.1,119.0,0,0,1,0,1,48,0,6,6,10.666666666666666,6,5,11.8,JJI-02916
1,39,1,8014,0,155.0,117.5,0,0,1,0,0,34,0,6,4,13.25,6,0,0.0,JJI-02922
1,1,3,9500,1,136.0,127.0,1,0,1,0,0,19,0,8,1,13.67,8,1,13.67,JJI-02930
2,39,1,9991,0,110.0,127.1,0,0,1,0,0,34,0,5,4,11.0,5,4,10.75,JJI-02939
2,39,2,9556,1,133.1,152.8,1,0,1,0,0,28,1,7,7,12.428571428571429,8,8,12.3,JJI-02942
2,39,2,9670,1,100.0,100.0,0,0,1,0,0,35,0,5,5,11.4,5,3,12.333333333333334,JJI-02953
1,17,4,9500,1,138.0,133.0,1,0,1,0,0,18,0,8,0,0.0,8,0,0.0,JJI-02968
1,5,1,9085,1,150.0,139.4,0,0,1,0,0,18,0,5,3,12.0,5,4,13.0,JJI-02973
1,43,2,9853,1,118.0,110.0,1,0,1,0,0,20,0,6,4,12.25,6,4,11.5,JJI-02987
1,1,2,9254,1,137.0,125.1,1,0,1,0,0,18,0,6,4,11.75,6,5,11.2,JJI-02990
1,17,1,9147,1,120.0,112.0,0,0,1,0,0,20,0,5,4,11.0,5,4,11.5,JJI-02998
1,39,1,9500,1,148.0,130.0,0,0,1,0,0,24,0,8,7,12.714285714285714,8,7,12.714285714285714,JJI-03001
1,17,5,9147,1,127.0,124.6,1,0,1,0,1,19,0,5,2,10.0,5,4,11.75,JJI-03008
1,1,4,9773,1,137.0,139.8,1,0,1,0,0,18,0,6,6,12.571428571428571,6,6,12.571428571428571,JJI-03027
1,17,5,9500,1,130.0,128.8,1,0,1,0,0,18,0,7,6,13.39,8,7,12.757142857142856,JJI-03042
1,1,1,9085,1,146.0,126.0,0,0,1,0,0,19,0,5,3,12.333333333333334,5,4,10.25,JJI-03047
1,42,1,9147,1,139.0,112.3,1,0,1,0,0,19,0,5,2,11.5,5,3,10.857142857142858,JJI-03052
1,1,2,9773,1,130.0,137.4,0,0,1,0,0,19,0,6,6,15.0,6,6,14.0,JJI-03061
1,1,3,9500,1,140.0,124.3,1,0,1,0,0,19,1,7,5,12.32,7,5,11.9,JJI-03068
1,1,3,9670,1,121.0,111.9,1,0,1,1,1,20,0,6,6,11.333333333333334,6,4,10.571428571428571,JJI-03071
1,39,1,9119,1,130.0,149.0,1,0,1,1,0,33,0,5,4,12.0,5,3,13.666666666666666,JJI-03074
1,1,1,9670,1,132.0,143.6,1,0,1,1,0,20,0,6,5,12.8,6,5,11.6,JJI-03076
1,43,1,9119,1,130.0,128.0,0,1,0,1,0,27,0,5,0,0.0,5,0,0.0,JJI-03078
2,7,1,9147,1,110.0,110.0,0,0,1,0,0,33,0,8,6,12.833333333333334,5,4,12.0,JJI-03086
1,17,1,9853,1,128.0,128.4,1,0,1,0,1,20,0,6,5,13.2,6,5,12.833333333333334,JJI-03092
1,1,1,9238,1,138.0,135.9,1,0,1,0,0,19,0,6,5,11.6,6,6,11.666666666666666,JJI-03099
1,1,5,9773,1,127.0,121.1,1,0,1,0,0,18,0,6,6,13.166666666666666,6,6,12.5,JJI-03109
1,1,1,9670,1,143.0,144.1,1,0,1,0,0,19,0,6,5,12.6,6,5,12.375,JJI-03114
1,1,1,9085,1,133.1,115.0,1,0,1,0,0,21,0,5,3,11.333333333333334,5,3,13.333333333333334,JJI-03120
1,17,5,9670,1,125.0,118.4,1,0,1,0,1,19,0,5,3,10.5,5,4,11.75,JJI-03123
1,17,1,9238,1,126.0,116.9,1,0,1,0,0,21,0,6,6,10.375,6,3,11.666666666666666,JJI-03127
1,1,6,9500,1,122.0,119.6,1,0,1,0,0,21,0,7,6,13.25,8,8,13.8375,JJI-03134
1,17,1,9500,1,141.0,135.4,1,0,1,0,0,18,0,7,7,12.50625,8,5,13.2,JJI-03135
1,1,1,9853,1,129.0,126.9,1,0,1,0,1,19,0,6,5,12.2,6,4,11.5,JJI-03140
1,1,5,9500,1,101.0,102.4,0,0,1,0,0,20,0,7,5,12.04,7,6,11.77142857142857,JJI-03148
1,17,3,9147,1,125.0,125.7,0,0,1,0,0,20,0,5,5,11.166666666666666,5,4,10.75,JJI-03149
1,1,1,9130,1,117.0,109.3,1,0,1,0,0,20,0,5,4,12.5,5,2,13.0,JJI-03151
1,1,5,9500,1,125.0,115.6,1,0,1,0,0,18,0,7,6,12.183333333333332,7,6,11.783333333333331,JJI-03155
1,1,2,9147,1,130.0,117.8,0,0,1,0,0,18,0,5,2,10.0,5,3,11.333333333333334,JJI-03156
1,17,1,9254,1,121.0,123.1,1,0,1,1,0,21,0,6,6,11.166666666666666,6,3,14.666666666666666,JJI-03159
1,43,1,9070,1,135.0,122.8,1,0,1,1,1,20,0,6,3,11.0,6,2,11.333333333333334,JJI-03160
1,17,5,9238,1,131.0,120.2,1,0,1,0,1,19,0,6,5,11.333333333333334,6,6,10.833333333333334,JJI-03175
1,43,1,9500,1,140.0,125.7,1,0,1,1,1,19,0,7,5,11.2,7,5,11.2,JJI-03180
1,39,1,9119,1,130.0,137.0,1,0,1,1,0,28,0,5,4,10.5,5,4,11.0,JJI-03184
1,1,2,9147,1,122.0,116.4,0,0,1,1,0,21,0,5,3,11.25,5,3,11.0,JJI-03193
1,51,1,9991,0,120.0,128.2,0,1,1,1,0,24,0,10,7,10.714285714285714,10,9,12.555555555555555,JJI-03195
1,42,1,9003,1,140.0,140.0,1,0,1,1,0,23,0,6,5,12.0,6,5,12.142857142857142,JJI-03197
1,1,1,9773,1,127.0,122.8,1,0,1,1,0,20,0,6,6,12.166666666666666,6,3,12.0,JJI-03203
1,1,1,171,1,124.0,118.4,1,0,1,1,0,18,0,0,0,0.0,0,0,0.0,JJI-03212
1,43,1,8014,0,148.0,134.7,0,0,1,0,0,23,0,13,9,11.0,11,7,11.571428571428571,JJI-03219
1,44,1,9085,1,150.0,150.0,1,0,1,0,0,23,0,6,4,11.5,6,4,12.2,JJI-03228
2,39,1,9147,1,130.0,142.5,0,0,1,0,0,39,0,5,4,11.25,5,4,11.5,JJI-03232
1,1,1,9670,1,113.0,110.2,1,0,1,0,0,22,0,5,3,12.666666666666666,5,4,12.0,JJI-03238
4,39,1,9991,0,133.1,130.4,0,0,1,0,0,30,0,5,3,10.666666666666666,5,5,10.4,JJI-03241
2,39,1,9991,0,140.0,110.0,0,0,1,0,1,35,0,5,3,11.666666666666666,5,5,11.8,JJI-03268
1,43,1,9500,1,120.0,120.0,1,0,1,0,0,26,0,7,6,12.0,7,6,12.0,JJI-03274
2,53,1,9147,1,130.0,132.4,0,0,1,0,0,30,0,11,9,12.22222222222222,9,9,11.6,JJI-03283
2,39,1,9991,0,162.0,132.0,0,1,1,1,0,25,0,5,4,11.0,5,4,12.0,JJI-03285
1,17,3,9500,1,132.0,130.8,1,0,1,0,0,18,0,8,7,13.68142857142857,8,7,13.68142857142857,JJI-03294
1,43,1,9500,1,133.1,114.5,0,0,1,0,0,23,0,7,6,12.1,7,6,12.616666666666667,JJI-03295
1,17,2,9500,1,126.0,126.2,1,0,1,0,1,18,0,7,5,11.94,7,6,12.8,JJI-03297
1,51,1,9070,1,133.1,106.6,0,1,1,0,0,31,0,6,5,11.0,6,6,10.166666666666666,JJI-03313
1,1,1,9254,1,120.0,118.3,0,0,1,1,0,20,0,6,6,12.857142857142858,6,5,12.4,JJI-03314
1,1,1,171,1,123.0,118.8,0,0,1,1,0,19,0,10,5,11.0,7,2,10.0,JJI-03326
5,39,1,9119,1,120.0,116.0,0,1,1,1,1,34,0,5,1,17.0,5,2,11.0,JJI-03329
1,17,1,9147,1,110.0,99.0,0,0,1,1,0,21,0,5,5,11.0,5,3,11.428571428571429,JJI-03330
1,17,4,9773,1,129.0,132.5,1,0,1,1,0,21,0,6,0,0.0,6,1,10.0,JJI-03336
1,17,1,9670,1,140.0,133.4,0,0,1,1,0,24,0,6,4,11.25,6,4,10.428571428571429,JJI-03340
1,17,1,9670,1,138.0,123.0,0,1,0,1,0,20,0,6,5,12.4,6,4,13.0,JJI-03342
1,1,1,9119,1,160.0,153.7,0,0,1,1,0,19,0,5,1,13.0,5,2,10.0,JJI-03344
1,1,1,8014,0,123.0,127.6,1,0,1,1,0,26,0,6,6,11.833333333333334,6,6,11.666666666666666,JJI-03351
1,44,1,9119,1,130.0,130.0,0,0,1,1,0,20,0,5,1,13.0,5,3,12.6,JJI-03357
1,1,1,9147,1,143.0,135.0,1,0,1,0,0,21,0,5,4,11.0,5,5,12.0,JJI-03360
1,1,1,9991,0,122.0,113.6,0,0,1,1,0,26,0,5,2,11.5,5,3,12.0,JJI-03367
1,1,6,9500,1,145.0,132.3,1,0,1,0,1,19,0,8,7,14.06,8,7,14.06,JJI-03369
2,1,1,9147,1,137.0,124.4,0,0,1,0,0,19,0,5,4,11.25,5,3,11.714285714285714,JJI-03379
1,1,1,9085,1,127.0,122.8,1,0,1,0,0,19,0,5,2,14.5,5,3,11.333333333333334,JJI-03385
1,43,1,9238,1,109.0,108.3,0,0,1,0,1,21,0,6,2,10.5,6,5,12.4,JJI-03390
1,1,2,9147,1,129.0,118.9,1,0,1,0,0,19,0,5,4,12.8,5,3,14.5,JJI-03395
1,43,1,9147,1,131.0,126.1,0,0,1,0,0,18,0,5,0,0.0,5,4,13.25,JJI-03397
1,1,1,9670,1,126.0,125.7,0,0,1,0,0,20,0,6,6,13.571428571428571,6,5,13.6,JJI-03402
2,43,1,9991,0,134.0,113.7,0,0,1,0,0,32,0,5,5,10.2,5,4,11.25,JJI-03405
1,16,3,9853,1,134.0,121.1,1,0,1,0,0,19,0,6,5,12.2,6,5,11.8,JJI-03407
1,5,1,9670,1,135.0,140.3,1,0,1,0,0,19,0,6,6,13.428571428571429,6,4,14.0,JJI-03411
1,17,1,9147,1,139.0,133.4,0,0,1,0,0,18,0,5,1,11.0,5,0,0.0,JJI-03413
1,17,6,9500,1,136.0,125.7,1,0,1,0,0,20,0,7,6,13.548333333333334,8,6,14.775,JJI-03416
1,1,1,9773,1,143.0,144.8,0,0,1,0,0,19,0,6,6,12.166666666666666,6,6,12.5,JJI-03417
1,18,1,9147,1,100.0,101.8,1,0,1,0,0,24,0,5,5,10.8,5,2,11.0,JJI-03427
1,43,1,9991,0,120.0,122.5,1,0,1,0,0,29,0,13,8,10.5,12,9,10.333333333333334,JJI-03438
1,17,1,9556,1,133.0,119.0,0,0,1,0,0,19,0,7,6,11.15,7,7,12.814285714285717,JJI-03441
1,1,1,9670,1,120.0,115.1,0,0,1,0,0,19,0,6,3,11.666666666666666,6,5,13.625,JJI-03442
1,39,1,9991,0,130.0,151.6,0,0,1,0,0,24,0,5,5,12.285714285714286,5,5,12.125,JJI-03451
1,39,1,9500,1,133.1,121.4,0,1,1,0,0,28,0,7,4,13.375,7,5,13.5,JJI-03452
4,43,1,9500,1,130.0,103.7,0,0,1,0,0,38,0,8,5,13.126,8,5,13.126,JJI-03462
1,1,1,9853,1,160.0,146.0,1,0,1,0,0,19,0,6,3,10.333333333333334,6,5,11.8,JJI-03464
1,1,1,9147,1,124.0,128.6,1,0,1,0,0,20,0,5,4,12.0,4,2,11.5,JJI-03467
1,1,1,9991,0,140.0,124.6,0,0,1,0,0,29,0,5,5,11.4,5,4,10.25,JJI-03469
1,1,5,9500,1,135.0,124.0,1,0,1,0,1,19,0,8,7,12.771428571428572,8,7,12.771428571428572,JJI-03470
1,39,1,9238,1,160.0,124.0,0,1,1,1,0,28,0,8,7,11.0,6,1,10.0,JJI-03479
1,39,1,9003,1,160.0,140.0,0,0,1,1,0,27,0,6,0,0.0,6,0,0.0,JJI-03500
1,1,1,9147,1,130.0,119.5,1,0,1,1,1,18,0,5,4,11.25,5,4,12.25,JJI-03509
1,44,1,9130,1,140.0,140.0,0,0,1,1,0,20,0,6,5,12.4,6,2,15.0,JJI-03512
1,43,1,9773,1,121.0,121.0,1,0,1,1,0,23,0,6,1,13.0,6,4,11.25,JJI-03516
1,43,4,9670,1,117.0,113.2,0,0,1,1,0,21,0,5,2,10.0,5,3,10.333333333333334,JJI-03524
2,39,1,9991,0,150.0,146.0,0,0,1,1,0,34,0,5,5,14.2,5,5,14.6,JJI-03525
1,1,1,9500,1,118.0,115.7,0,0,1,1,0,20,0,7,5,12.7,8,7,13.475,JJI-03530
1,42,1,9003,1,120.0,128.2,1,0,1,1,0,24,0,9,8,13.333333333333334,10,9,13.11111111111111,JJI-03532
1,39,1,9991,0,100.0,140.0,0,0,1,1,0,39,0,5,4,12.25,5,4,12.75,JJI-03543
1,17,1,9085,1,120.0,122.5,0,0,0,1,0,19,0,6,5,13.6,6,5,13.666666666666666,JJI-03544
1,39,1,9991,0,133.1,121.5,0,0,1,1,0,38,0,5,2,10.5,5,3,11.333333333333334,JJI-03545
1,1,1,9500,1,135.0,135.4,1,0,1,1,0,21,0,7,6,12.565,8,5,12.16,JJI-03551
1,17,1,9670,1,123.0,122.0,0,1,1,1,0,19,0,6,6,13.166666666666666,6,5,13.2,JJI-03555
1,39,1,9254,1,133.1,119.3,1,0,1,1,0,25,0,6,6,11.166666666666666,6,4,11.8,JJI-03557
1,1,4,9070,1,140.0,125.0,1,0,1,1,0,19,0,6,6,12.666666666666666,6,6,12.142857142857142,JJI-03559
2,39,1,9500,1,133.1,100.0,0,0,1,1,0,33,0,7,5,13.06,7,0,0.0,JJI-03561
1,1,2,9119,1,140.0,125.7,1,0,1,1,0,18,0,5,0,0.0,5,0,0.0,JJI-03574
1,17,6,9147,1,120.0,115.5,1,1,0,1,0,19,0,5,4,12.5,5,5,10.5,JJI-03584
1,1,3,9147,1,124.0,116.7,1,0,1,1,0,19,0,5,0,0.0,5,0,0.0,JJI-03591
1,17,3,9500,1,132.0,125.5,1,0,1,1,0,18,0,8,7,13.154285714285717,8,7,13.154285714285717,JJI-03592
1,1,1,9130,1,130.0,117.6,0,0,1,1,0,19,0,5,2,11.5,5,5,11.4,JJI-03595
1,44,1,9003,1,150.0,150.0,0,0,1,1,0,22,0,6,3,13.333333333333334,6,3,12.75,JJI-03597
1,17,3,9119,1,135.0,121.7,1,0,1,1,0,18,0,5,5,11.8,5,3,12.0,JJI-03604
1,43,1,171,1,144.0,121.6,0,0,1,1,0,22,0,0,0,0.0,0,0,0.0,JJI-03608
1,1,1,171,1,133.1,117.0,0,1,1,1,0,19,0,0,0,0.0,0,0,0.0,JJI-03610
1,44,1,9119,1,130.0,130.0,1,0,1,1,0,19,0,5,2,12.5,5,3,11.6,JJI-03611
1,15,1,9119,1,133.1,100.0,0,1,1,1,0,24,1,8,7,13.142857142857142,6,6,11.833333333333334,JJI-03615
1,1,1,9119,1,148.0,129.8,0,0,0,1,1,18,0,5,5,15.0,5,5,14.2,JJI-03617
1,1,1,9238,1,135.0,121.0,0,0,1,0,0,20,0,6,1,10.0,6,1,13.0,JJI-03626
1,1,6,9773,1,145.0,131.0,1,0,1,0,1,18,0,6,6,12.166666666666666,6,5,11.2,JJI-03628
1,44,1,9238,1,140.0,136.1,1,1,1,0,0,21,0,6,3,12.0,6,2,12.5,JJI-03633
4,39,1,9853,1,133.1,108.0,0,1,0,0,0,33,0,7,7,12.857142857142858,7,6,12.666666666666666,JJI-03638
1,39,1,9085,1,133.1,144.9,1,0,1,0,0,26,0,6,3,11.75,6,4,12.8,JJI-03647
1,43,1,9670,1,110.0,110.0,0,0,1,0,0,21,0,6,5,11.833333333333334,6,4,13.25,JJI-03652
1,44,1,9085,1,140.0,140.0,1,0,1,0,0,20,0,6,6,12.555555555555555,6,5,11.8,JJI-03654
1,44,1,9085,1,150.0,150.0,0,0,1,0,0,20,0,5,2,14.5,5,4,11.25,JJI-03660
1,39,1,9003,1,133.1,140.0,0,0,1,1,0,43,0,6,6,12.875,6,5,12.142857142857142,JJI-03666
5,39,1,9147,1,133.1,119.8,0,0,1,1,0,26,0,5,5,12.0,5,5,10.2,JJI-03682
1,43,1,9130,1,130.0,130.0,1,0,1,1,0,33,0,5,1,13.0,5,3,14.0,JJI-03690
1,17,1,9254,1,119.0,125.0,0,0,1,1,0,19,0,6,5,10.8,6,2,10.5,JJI-03698
1,17,3,9070,1,131.0,120.2,1,0,1,1,0,18,0,6,6,12.833333333333334,6,5,11.4,JJI-03701
1,1,1,9147,1,120.0,111.6,0,1,1,1,1,21,0,5,5,12.6,5,3,12.833333333333334,JJI-03702
1,1,2,9147,1,116.0,124.8,1,0,1,1,0,20,0,5,2,14.333333333333334,5,2,12.5,JJI-03716
1,44,1,9003,1,120.0,120.0,0,0,1,1,0,19,0,6,1,11.0,6,0,0.0,JJI-03721
1,39,1,9119,1,130.0,134.0,0,0,1,1,1,24,0,5,5,11.833333333333334,5,4,14.0,JJI-03737
1,1,1,9254,1,133.1,125.0,0,0,1,1,0,21,0,6,5,11.333333333333334,6,2,11.5,JJI-03738
1,39,1,9119,1,133.1,123.0,0,0,1,1,1,28,0,5,3,14.333333333333334,5,5,12.428571428571429,JJI-03742
1,51,1,9085,1,120.0,125.0,0,0,1,0,0,28,0,6,6,14.428571428571429,6,4,15.6,JJI-03744
1,44,1,9085,1,130.0,130.0,1,0,1,0,0,20,0,6,5,11.8,6,4,12.0,JJI-03759
1,1,3,9853,1,122.0,112.6,1,0,1,0,0,23,0,6,5,13.6,6,5,11.6,JJI-03769
1,44,1,9085,1,160.0,160.0,1,0,1,0,0,23,0,6,4,13.4,6,2,13.5,JJI-03779
1,43,1,9556,1,126.0,100.0,0,0,1,0,0,25,0,7,3,13.0,8,3,11.666666666666666,JJI-03780
1,1,2,9500,1,106.0,106.4,1,0,1,0,1,19,0,7,5,13.34,7,6,12.385714285714286,JJI-03784
1,44,1,9003,1,150.0,150.0,0,0,1,1,1,20,0,6,3,12.0,6,3,11.666666666666666,JJI-03786
1,44,1,9003,1,130.0,130.0,0,0,1,1,0,19,0,6,5,11.5,6,6,11.333333333333334,JJI-03789
1,43,1,9500,1,125.0,123.6,1,0,1,0,1,18,0,7,5,12.86,7,5,12.86,JJI-03811
1,1,3,9500,1,131.0,126.1,1,0,1,0,0,18,0,7,7,12.59125,8,7,12.820000000000002,JJI-03816
1,44,1,9003,1,140.0,120.0,1,0,1,1,0,22,0,6,5,13.0,6,2,11.5,JJI-03821
1,1,1,9119,1,142.0,129.8,1,0,1,1,0,18,0,5,0,0.0,5,1,15.0,JJI-03825
1,17,1,9670,1,128.0,135.7,1,0,1,1,0,19,0,6,5,13.2,6,5,13.25,JJI-03832
1,43,1,9070,1,100.0,108.0,1,0,1,1,0,34,0,12,7,11.428571428571429,12,7,11.857142857142858,JJI-03833
1,1,1,9254,1,125.0,122.9,0,0,1,1,1,19,0,6,6,11.166666666666666,6,3,11.666666666666666,JJI-03841
1,1,1,9238,1,125.0,118.7,0,0,1,1,0,20,0,6,4,11.75,6,3,11.333333333333334,JJI-03842
1,1,1,9254,1,128.0,120.0,1,0,1,0,1,20,0,6,6,14.5,6,5,15.0,JJI-03887
1,1,1,9238,1,108.0,107.3,0,0,1,0,1,19,0,6,4,10.4,6,4,10.75,JJI-03888
1,18,1,9853,1,133.1,106.0,1,1,1,0,0,21,0,7,7,13.0,7,6,12.5,JJI-03891
1,1,4,9670,1,130.0,124.1,1,0,1,0,0,18,0,6,6,14.166666666666666,6,6,13.428571428571429,JJI-03892
1,1,6,9500,1,120.0,114.8,1,0,1,0,0,21,1,7,4,13.25,7,5,13.82,JJI-03895
1,17,5,9070,1,125.0,122.6,1,0,1,1,0,22,0,6,1,11.0,6,0,0.0,JJI-03897
2,7,1,9147,1,120.0,120.0,0,0,1,0,0,33,0,8,5,12.6,7,5,11.25,JJI-03900
1,17,3,9254,1,127.0,123.5,1,0,1,0,1,20,0,6,4,11.5,6,3,11.0,JJI-03902
2,39,1,9147,1,140.0,131.8,0,0,1,0,0,35,0,5,4,14.2,5,4,11.857142857142858,JJI-03903
1,1,1,9238,1,157.0,136.7,1,0,1,0,0,22,0,6,4,12.5,6,3,13.666666666666666,JJI-03908
1,17,1,9773,1,144.0,130.7,1,0,1,0,0,20,0,6,6,11.666666666666666,6,5,11.6,JJI-03911
1,1,1,9670,1,119.0,119.7,1,0,1,0,0,20,0,5,3,13.0,5,3,13.0,JJI-03919
1,1,1,171,1,125.0,136.2,1,1,1,1,0,21,0,12,11,11.545454545454543,11,9,11.7,JJI-03925
1,43,1,9147,1,127.0,124.2,1,0,1,1,0,23,1,5,1,10.0,5,0,0.0,JJI-03926
1,39,1,9003,1,140.0,135.4,1,0,1,0,0,24,0,6,5,11.8,6,4,11.25,JJI-03930
1,1,1,9147,1,126.0,115.2,0,1,1,0,0,19,0,5,1,10.0,5,2,10.0,JJI-03934
1,1,1,9254,1,123.0,125.1,0,0,1,0,0,19,0,6,4,11.0,6,4,12.5,JJI-03936
1,1,3,9254,1,121.0,125.9,1,0,1,0,0,22,0,6,4,10.0,6,2,13.5,JJI-03938
2,39,1,9147,1,120.0,124.6,0,0,1,0,0,36,0,5,3,11.0,5,4,13.375,JJI-03941
1,1,1,9500,1,103.0,108.3,0,0,1,0,1,20,0,7,0,0.0,7,0,0.0,JJI-03968
4,39,1,9773,1,133.1,133.0,0,0,1,0,0,40,0,6,5,13.0,6,5,12.6,JJI-03980
1,5,1,9147,1,126.0,117.3,1,0,1,0,0,19,0,5,3,10.8,5,3,10.5,JJI-04012
1,15,1,9556,1,114.0,114.0,0,0,1,0,0,20,1,7,0,0.0,7,2,11.666666666666666,JJI-04025
4,1,1,9991,0,140.0,139.0,0,0,1,0,1,38,0,5,5,11.0,5,5,11.4,JJI-04026
1,1,1,171,1,133.1,128.2,1,0,1,1,1,19,0,12,12,13.333333333333334,11,10,12.818181818181818,JJI-04032
1,17,1,9238,1,130.0,122.0,1,0,1,0,1,21,0,6,1,10.0,6,5,11.4,JJI-04038
1,17,2,9500,1,145.0,136.3,1,0,1,0,0,18,0,8,7,12.285714285714286,8,7,12.285714285714286,JJI-04044
1,43,1,9070,1,150.0,140.8,0,0,1,0,0,19,0,6,5,12.4,6,6,12.75,JJI-04054
1,42,1,9003,1,140.0,140.0,0,0,1,0,0,22,0,6,6,12.571428571428571,6,4,13.666666666666666,JJI-04058
1,17,1,171,1,146.0,135.5,1,1,1,0,0,22,0,17,12,11.833333333333334,17,11,11.25,JJI-04065
1,43,1,8014,0,120.0,118.3,0,0,1,0,0,20,0,6,6,12.166666666666666,6,5,14.0,JJI-04066
2,39,1,9238,1,133.1,130.0,0,0,1,0,0,31,0,6,6,13.166666666666666,6,6,13.0,JJI-04073
1,1,2,9670,1,143.0,131.8,1,0,1,0,1,18,0,6,6,13.571428571428571,6,5,12.8,JJI-04080
1,1,1,9085,1,131.0,130.7,0,1,1,0,0,21,0,5,2,11.5,5,4,11.0,JJI-04082
1,17,3,9254,1,115.0,109.8,1,0,1,0,0,19,0,6,4,11.25,6,4,12.0,JJI-04083
1,39,1,9500,1,130.0,120.0,1,0,1,0,1,25,0,8,7,13.29,8,7,13.29,JJI-04088
2,43,1,9991,0,140.0,107.8,0,0,1,0,0,33,0,10,8,10.375,10,9,10.444444444444445,JJI-04089
1,43,1,9556,1,149.0,140.2,1,0,1,0,0,20,0,7,7,12.333333333333334,8,8,12.625,JJI-04101
1,1,2,9147,1,125.0,124.0,1,0,1,0,0,19,0,5,5,11.2,5,4,11.75,JJI-04104
1,1,3,9070,1,128.0,129.8,1,0,1,0,0,20,0,6,6,11.833333333333334,6,3,13.333333333333334,JJI-04116
1,1,1,9085,1,145.0,138.4,1,0,0,0,0,18,0,6,6,14.833333333333334,6,6,12.5,JJI-04117
1,1,1,9085,1,147.0,133.7,1,0,1,0,1,19,0,5,2,13.5,5,5,11.4,JJI-04125
1,43,1,9500,1,121.0,115.4,1,0,1,0,1,24,0,8,7,11.971428571428572,8,7,11.971428571428572,JJI-04126
1,1,3,9085,1,134.0,129.1,0,0,1,0,0,19,0,5,3,12.0,5,4,13.5,JJI-04127
1,44,1,9085,1,140.0,140.0,1,0,1,0,0,21,0,12,8,12.25,12,8,12.2,JJI-04133
1,1,1,9254,1,118.0,114.2,0,0,1,0,0,18,0,6,5,12.2,6,5,11.6,JJI-04134
1,39,1,9556,1,130.0,113.3,0,0,1,0,0,24,0,7,5,12.4,8,7,12.15,JJI-04144
1,43,1,9556,1,128.0,123.5,1,0,1,0,0,22,0,7,6,10.744444444444444,8,8,11.8375,JJI-04145
4,39,1,9085,1,140.0,154.6,0,0,0,0,1,44,0,6,4,12.75,6,2,10.0,JJI-04148
1,1,1,9147,1,117.0,120.2,1,0,1,0,0,20,0,5,2,10.0,5,2,11.0,JJI-04149
1,1,1,171,1,135.0,143.8,1,1,1,0,0,19,0,0,0,0.0,0,0,0.0,JJI-04154
1,1,3,9500,1,131.0,118.0,1,0,1,0,1,18,0,8,7,13.242857142857144,8,7,13.242857142857144,JJI-04157
1,17,2,9254,1,118.0,110.3,1,0,0,0,0,18,1,6,5,12.6,6,5,11.8,JJI-04162
1,18,1,9991,0,133.1,145.0,0,0,1,0,1,21,0,5,4,12.25,5,4,11.8,JJI-04167
1,18,5,9853,1,110.0,110.0,1,0,1,0,0,20,0,6,4,12.75,6,3,11.333333333333334,JJI-04171
1,1,1,9238,1,135.0,121.7,1,0,1,0,1,18,0,6,0,0.0,6,4,11.0,JJI-04172
1,43,2,9147,1,131.0,123.7,1,0,1,0,0,18,0,5,1,14.0,5,1,14.0,JJI-04173
1,39,1,9085,1,133.1,148.2,1,1,1,0,0,27,0,6,6,12.125,6,5,12.0,JJI-04178
1,17,1,9853,1,127.0,121.8,1,1,1,0,0,18,0,6,4,13.5,6,3,10.666666666666666,JJI-04181
1,1,1,9991,0,131.0,118.4,1,0,1,0,0,20,0,5,0,0.0,5,0,0.0,JJI-04186
1,17,2,9085,1,138.0,123.3,1,0,1,0,0,19,0,5,3,14.0,5,4,11.75,JJI-04187
1,44,1,9085,1,140.0,140.0,1,0,1,0,0,20,0,6,6,12.666666666666666,6,4,11.5,JJI-04192
1,17,2,9853,1,150.0,132.5,1,0,1,0,0,22,0,6,4,12.25,6,5,11.6,JJI-04193
1,5,1,9853,1,119.0,118.3,1,0,1,0,0,22,0,6,3,15.0,6,4,10.25,JJI-04199
1,17,1,171,1,125.0,143.9,1,0,1,0,0,20,0,0,0,0.0,0,0,0.0,JJI-04203
1,17,3,9773,1,135.0,135.0,0,0,1,0,0,18,0,6,6,13.5,6,6,13.333333333333334,JJI-04219
2,39,1,8014,0,133.1,134.5,0,0,1,0,0,45,0,6,5,13.6,6,5,13.0,JJI-04229
1,39,1,9991,0,140.0,130.0,0,1,1,0,0,25,0,5,4,11.25,5,4,12.0,JJI-04232
1,1,2,9147,1,113.0,107.4,1,0,1,1,0,20,0,5,3,10.5,5,4,11.25,JJI-04235
1,1,3,9238,1,133.1,100.0,1,0,1,1,0,22,0,6,4,11.25,6,3,11.0,JJI-04236
1,1,4,9500,1,127.0,121.5,1,0,1,1,0,20,0,7,6,13.016666666666666,7,6,13.016666666666666,JJI-04238
1,1,1,9070,1,132.0,136.6,1,0,1,0,0,18,0,6,6,11.714285714285714,6,6,10.375,JJI-04244
1,17,5,9670,1,115.0,117.1,0,0,1,0,0,21,0,5,3,12.666666666666666,5,4,12.75,JJI-04258
1,44,1,171,1,140.0,140.0,0,0,1,1,0,21,0,0,0,0.0,0,0,0.0,JJI-04267
1,17,2,9070,1,142.0,141.0,1,0,1,1,0,18,0,6,6,13.0,6,1,10.0,JJI-04270
1,17,2,9085,1,123.0,118.9,0,0,1,1,0,18,0,5,3,14.0,5,3,12.666666666666666,JJI-04274
1,1,1,9254,1,131.0,134.5,1,0,1,1,0,25,0,6,6,13.166666666666666,6,5,12.6,JJI-04275
1,17,1,9119,1,141.0,133.0,1,0,1,1,0,18,0,5,4,13.0,5,3,12.333333333333334,JJI-04276
1,1,1,9085,1,133.1,105.0,1,0,1,1,0,21,0,6,3,11.25,6,0,0.0,JJI-04282
1,39,2,9556,1,130.0,110.0,0,0,1,1,1,24,0,7,6,10.857142857142858,7,7,11.857142857142858,JJI-04285
1,1,5,9147,1,134.0,134.7,0,0,1,1,0,22,0,5,4,11.75,5,3,11.0,JJI-04286
1,39,1,9003,1,130.0,120.0,1,0,1,1,0,28,0,13,8,11.625,10,6,11.0,JJI-04296
1,1,6,9119,1,135.0,123.5,1,0,1,1,0,18,0,5,0,0.0,5,1,10.0,JJI-04312
1,15,1,9147,1,135.0,135.0,0,1,1,1,0,21,1,5,3,12.333333333333334,5,4,11.25,JJI-04321
4,39,1,9991,0,147.0,147.9,0,0,1,0,0,28,0,5,4,11.5,5,4,12.0,JJI-04322
1,1,1,9147,1,123.0,118.8,1,0,1,0,0,21,0,5,3,10.666666666666666,5,2,12.5,JJI-04336
1,1,2,9773,1,129.0,117.1,1,0,1,0,0,20,0,6,1,17.0,6,1,17.0,JJI-04337
1,1,1,9670,1,131.0,127.2,0,0,1,0,1,18,0,5,3,12.666666666666666,5,4,12.5,JJI-04339
1,17,2,9500,1,140.0,128.5,1,0,1,0,0,18,0,7,5,14.06,7,6,12.571428571428571,JJI-04344
4,39,1,9991,0,150.0,146.2,0,0,1,0,0,30,0,5,3,10.333333333333334,5,4,12.8,JJI-04355
1,17,1,9238,1,132.0,123.6,1,0,1,0,0,18,0,6,4,11.5,6,4,10.75,JJI-04365
1,1,1,9500,1,136.0,120.0,1,0,1,1,0,18,0,7,6,11.833333333333334,7,6,11.833333333333334,JJI-04370
1,1,1,9238,1,124.0,121.2,0,0,1,0,0,19,0,6,2,13.0,6,6,10.833333333333334,JJI-04374
1,1,2,9238,1,145.0,121.4,0,0,1,0,0,20,0,6,0,0.0,5,0,0.0,JJI-04382
2,7,1,9500,1,130.0,130.0,0,0,1,0,0,32,0,7,7,13.761111111111113,8,7,12.06375,JJI-04392
1,1,1,9147,1,151.0,138.4,0,0,1,0,0,18,0,5,4,11.25,5,5,11.0,JJI-04393
1,5,4,9853,1,116.0,110.4,1,0,1,0,0,21,0,6,5,12.6,6,3,11.666666666666666,JJI-04398
1,18,2,9853,1,168.0,126.8,1,0,1,1,0,18,0,6,5,12.6,6,6,13.0,JJI-04403
1,1,1,9070,1,145.0,127.5,1,0,1,1,0,20,0,6,4,12.0,6,2,11.333333333333334,JJI-04407
1,43,1,9070,1,125.0,133.4,1,0,1,1,1,19,0,6,4,13.0,6,5,12.2,JJI-04413
1,43,1,33,1,143.0,121.2,1,0,1,1,0,25,0,10,5,11.6,8,2,13.0,JJI-04414
